id,name,founded_on,revenue,website
100757685,ANDREWS International Personalservice GmbH,2004-03-29,3319508.05,https://www.andrews-international.de
101074555,PARTENUM Energie AG,1994-12-23,952381.89,https://www.baumgroup.de
16123997770758085,Cadiz Milla de Oro SL,,,
1110554033,I.L. Motorsport GmbH,2007-01-05,10049591.93,https://www.ilmotorsport.de
1771575906,HP Massivhaus GmbH,2014-09-19,1042261.75,https://www.hp-massivhaus.de/index.php
129281555,GCH Grundstücks-Consulting-Hamburg GmbH,1997-12-17,58788.46,https://www.jw-i.de
145319065,Ruf Beteiligungs GmbH,2005-12-29,2046.71,https://www.ruf-baustoffe.de
10705748011,automatenkaffee GmbH,2015-08-14,1572882.32,https://www.automatenkaffee.de
133225955,Hammerl Verwaltungs GmbH,1986-01-10,394937.21,https://www.joha.eu
157680985,Hundt Consult GmbH,2008-04-15,11772109.88,https://www.hundt-consult.de
177536116,NaturEnergieRegionGifhorn eG,2010-11-22,186518.7,https://www.naturenergieregiongifhorn.de
12190134166443495,Lanter Inver SL,,,
13335818251,Neue Flutgraben Betriebsgesellschaft mbH & Co. KG,2016-04-19,4371340.44,https://www.festsaal-kreuzberg.de
176254379,GMD Architekten GmbH,2014-03-12,3035421.93,https://www.gmd-architekten.com
10633203651890916,ThiesMediCenter GmbH,1990-03-21,23431619.94,https://thiesmedicenter.de
178667475,Ontorix GmbH,2004-11-10,8455106.53,https://www.ontorix.de/de/
176456415,Wet Wertstoff GmbH,1998-02-12,577230.2,https://www.wet-wertstoff.de
186994576,Deutscher Lebensring GmbH,2013-07-15,2790597.34,https://www.deutscherlebensring.de
18105042574,SBS Technik GmbH,2018-05-22,1060062.57,https://www.sbs-kranservice.de
156499095,Langbehn Verwaltungsgesellschaft mbH,2009-03-26,251821.07,https://www.langbehn-landmaschinen.de
12173080335376046,Textil de Belalcazar SCA,,,
102415894,Innotec Bau Gardelegen GmbH,2004-07-13,32876.8,https://www.styrocrete.de
120867845,MiTec Middeldorf Verwaltungs GmbH,1999-03-11,275724.46,https://www.mitec-middeldorf.de
179489665,SMAC Werkzeugmaschinen GmbH,1993-03-04,6491879.25,https://www.wohlenberg-werkzeugmaschinen.de
15175726241,Gebrüder Thomas Verwaltungs GmbH,2016-03-29,,
18738315805,Gartenbau Leufgen GmbH,2019-01-29,1385484.14,https://www.gartenbau-leufgen.com
182710375,Belz Treppenbau Beteiligungs-GmbH,1998-02-06,10301.54,https://www.belz-treppenbau.de
12149622224,Shabach International Ministries e. V.,2010-03-08,,https://www.shabachim.org
121809935,Becker GmbH,1981-08-18,133619.92,https://www.heck-becker.com
129849565,JW Holding GmbH,1976-11-22,35915020.08,https://www.jw-holding.de
16438952524,Wohnungsbau HMN GmbH Haus- Modernisierung Neubau,2017-12-07,342911.6,https://www.hmn-wohnungsbau.de
10462466185,Otto Thüm GmbH,2020-04-07,4338145.79,https://www.thuem.de
110492236,Friseur Haarmonie GmbH,2011-05-31,55313.74,
102710385,PV-Sonne UG,2010-01-12,13590.72,https://pv-sonne.de
137569645,studioline Regensburg GmbH & Co. KG,2011-02-07,836487.17,https://www.studioline.de
19500648871,Kühl GmbH,1982-08-31,7755510.92,https://www.kuehl-kran.de
11161790945,Knop Bauunternehmen GmbH,2012-03-08,1689843.48,https://www.knop-bauunternehmen.de
122833165,Martin Weitbrecht Rohrleitungsbau GmbH,1971-08-26,10560653.01,https://www.weitbrecht-rohrleitungsbau.de
111190395,Anlauff Naturstein GmbH,2009-04-20,1142501.23,https://www.anlauff-naturstein.de
143726745,IBB mattis GmbH,2013-05-16,3759214.19,https://www.ibb-mattis.de/de/
12474332484,RINGTREUHAND Kirschner GmbH Steuerberatungsgesellschaft,2018-09-03,2751966.61,https://www.ringtreuhand.de
10272418797540375,Limecy Proyectos SL,2015-11-12,,
195496776,Parkland-Klinik Dienstleistungsgesellschaft UG,2009-08-27,3582325.54,https://fachklinik-enzensberg.de
17892087584,"DSB Dienstleistungs-, Service- und Bildungsgesellschaft mbH Erlabrunn",2002-04-16,9682797.16,https://www.dsb-erlabrunn.de
186240555,AFP Treuhand Norden GmbH Steuerberatungsgesellschaft,2001-01-17,6236223.28,https://www.afp-berater.de
151571594,MeinSpiel GmbH & Co. KG,2005-05-24,1004445.25,https://www.meinspiel.de
14207758825053025,Vaniac Trading SL,,,
103977685,HANSA BAUSTAHL Montagen GmbH,1979-02-01,1953121.46,https://www.hansabaustahl.de
188079475,Energy Support GmbH,2003-07-16,1097542.64,https://www.energy-support.de
122540765,Eder Holding GmbH & Co. KG,2007-03-13,984084.08,https://www.eder-bau.de
10135794882,Chaussée-Bau Kunath-Thiem UG,2016-11-24,91407.36,https://www.chaussee-bau.de
109315545,V & V Vermögensverwaltungsgesellschaft mbH,2001-07-23,230283.49,
12975013464987164,Papoi AND Partners SL,,,
118520884,Richter GmbH,1994-12-19,957417.79,https://www.richterissimo.de
174328255,Hamacher & Wexel GmbH,1983-08-30,11569988.67,https://www.hamacher-wexel.de
146397175,LOHR + COMPANY GmbH Wirtschaftsprüfungsgesellschaft,2001-10-25,7413924.55,https://www.lctax.de
130608886,Sonnenenergie Osterhof Verwaltungs GmbH,2010-11-03,308807.2,https://www.osterhof.com
164825585,Glas Kastert GmbH,1992-02-04,210874.87,https://www.glas-kastert.de
159803665,Ramsay Assekuranzmakler GmbH,1993-03-02,1551830.64,https://www.ramsay.de
153371085,EnergiePartner GmbH,2000-09-25,1360204.58,https://www.energiepartner.de
12597786286136335,SafeRadon GmbH,2018-07-18,1197714.69,https://www.saferadon.de
152714185,Ludwig Meier GmbH,1993-12-15,9184089.7,https://www.meier-reisen.de/18984-Start.html
189295255,shk Fahrzeugtechnik und Vertriebs GmbH,1996-07-11,1031335.62,https://www.shk-fahrzeugtechnik.de
14247276248604245,Talleres Gayolo SA,,,
178256395,Baltic IT Service GmbH,2000-05-16,561505.73,https://www.bits-on-the.net
148863575,Plansysteme Gesellschaft für Softwareentwicklung mbH,2004-07-23,1468564.34,https://www.plansysteme.com/de/
159505155,IBS Engels GmbH,2006-08-17,470323.06,https://www.ibs-engels.de
11115826383,Aufzugsbau Hess GmbH,2017-08-07,2805882.48,https://www.aufzugsbau-hess.de
10115349211,Biegeform Dittmann GmbH,2015-10-05,8735180.76,https://www.biegeform.de
10386087453,Gross + Froelich GmbH & Co. KG,1986-12-18,34592463.78,https://www.gross-stabil.de/de/
120955895,Vonovia Technischer Service Nord GmbH,2011-04-01,59777166.6,https://www.vonovia.de/de-de
17245165621,Spedition Bormann GmbH & Co. KG,2005-01-27,1392210.75,https://www.spedition-bormann.de/index.php/de/
139813185,GFT Glüh- und Fügetechnik Bönen GmbH,2001-12-27,4912749.83,https://www.gft-boenen.de
179402265,GTI Travel GmbH,2002-07-09,250348660.77,
16049752324,Dastecom AG,2001-07-06,,
188691675,Autohaus Pape GmbH,1982-03-03,15623942.0,https://www.autohaus-pape.com
136110956,Jean Bilsheim Recycling GmbH,2012-01-30,23613348.41,https://www.jean-bilsheim.com
153070965,Alschu Kunststoffverarbeitungsgesellschaft mbH,1977-04-21,4560724.21,https://www.alschu-kunststoffe.de
156661075,Brose Pneumatik GmbH,2006-03-23,1943452.43,
194470075,Verlag für Anzeigenblätter GmbH,1996-12-02,45451307.3,https://www.der-lokalanzeiger.de
1640503201,Junggeburth Garten-/Landschaftsbau und Geräteverleih GmbH & Co. KG,2014-03-27,1407012.78,https://www.tiefbau-junggeburth.de
18087658694595874,Grupo Campillos DAD SL,,,
151591984,REEnergy GmbH,2009-05-28,647281.8,https://reenergy-guester.de
15715127603,Quantum CapitalPartners GmbH,2013-11-14,5545535.78,https://www.quantum-capital-partners.com
121668845,tegeler Gruppe Verwaltungs- und Beteiligungsgesellschaft mbH,1999-11-12,1085468.68,https://www.tegeler-gruppe.de
180556995,Burg Services GmbH & Co. KG,2008-12-09,2533953.43,https://www.burg-services.de
101604155,ABZ - Terodde GmbH,1984-12-20,2865549.44,https://www.terodde.de
127959165,Reifenservice Hofmann & Co. GmbH,1992-05-19,4998624.47,https://www.alutec.de/store/reifenservice-hofmann-co-gmbh/
186636255,Back Holzbau GmbH,1992-12-21,613252.7,https://www.back-holzbau.de
119637415,DDD Design Gesellschaft für Multimedia mbH,1995-02-21,628661.57,https://www.ddd.de
16925759719954255,Peter Dermota GmbH & Co. OHG.,,,
13940650124,Friedrich Garten- und Landschaftsbau GmbH & Co. KG,2017-11-21,3499097.86,https://www.friedrich-gala.de
108247966,EURESA Consulting GmbH,2011-02-17,2189571.43,https://www.euresa.de
100493675,PariSozial-Gemeinnützige Gesellschaft für paritätische Sozialdienste mbH im Kreis Soest/Hochsauerlandkreis,2000-12-05,4538233.77,https://www.parisozial-soest.de
12917805311,inditec GmbH,2008-03-10,2070884.02,https://www.inditec.de
111719375,B + V Buch- und Video-Vertriebs GmbH,1983-03-04,52451.77,https://www.lumixdasbuch.de
152211255,Autowaschcenter im Weidig GmbH,2002-11-21,309506.94,https://www.autowaschcenterimweidig.de
107441576,Rahlmeyer Maschinenbau Verwaltungs-GmbH,2009-12-09,115637.27,https://www.rahlmeyer.de
18847233214338164,Thoma GmbH & Co. KG,1917-12-15,238070884.39,https://waldrichsiegen.de
103602865,Phoenix Commerz Import und Export GmbH,1978-12-28,758730.66,https://www.phoenix-commerz.com
13217970411,Living Restaurants GmbH,2007-12-21,5506724.93,https://www.peppers-bielefeld.de
145960647,ATARA FILM GmbH,2013-12-30,1979417.17,https://www.atarafilm.de
108755085,Pool- & Saunashop Seeigel GmbH,1997-11-05,311805.07,https://www.seeigel.com
142098266,Gerd Bodden GmbH,1989-07-06,,
156308575,Auto Reißland GmbH,1990-03-15,4383926.5,https://www.auto-reissland.de
153232965,"Reinhold Fehmer GmbH Garten-, Landschafts- und Sportplatzbau",1981-12-10,21700437.27,https://fehmer-gmbh.de
1800507511,The Future Health Group GmbH,2014-04-04,736570.06,https://kingsgym.de
16750469512863245,Unterstützungseinrichtung der BayWa AG,2001-11-21,138584915.25,https://www.baywa.de
140380475,Asien-Pazifik-Institut für Management GmbH,1994-07-26,101841.61,https://www.asienpazifik.de
111949165,MAGENWIRTH Technologies GmbH,2007-08-16,294789358.67,https://www.magenwirth.com
105101706,Schmidt UND Vogt Steuerberatungsgesellschaft mbH,2011-09-14,46140.64,https://www.schmidt-vogt.de/de/startseite/index.html
17728803184,Cutting Crew der Friseur GmbH,1985-09-05,6415002.24,https://www.cutting-crew-der-friseur.de
181140765,Verkehrs- und Gefahrgut-Akademie HILTMANN GmbH,2004-11-24,187150.04,https://www.gefahrgut-hiltmann.de
14564505445,ERS Railways GmbH,2016-10-05,120183504.06,https://www.ersrail.com
185274286,Seles GmbH,2010-07-05,5760703.75,https://www.selesgmbh.de
176352196,Immobiliaris Projekt UG & Co. KG,2011-11-25,1468824.72,https://www.immobiliaris.de
100778806,DYNAMIC Systems GmbH,1997-04-15,11078826.64,https://www.dynamic-systems.de
17446518705,Blümler Straßen- und Tiefbau GmbH,2009-11-24,8245197.24,https://www.bluemler-saw.de
17819019215,Emch + Berger Projekt GmbH,1999-12-17,8921474.19,https://www.emchundberger.de
104705165,Mewi Maschinenbau GmbH,1995-08-31,391543.67,https://www.mewigmbh.de
188181075,MIBOSTAHL - GmbH,1992-03-31,1066478.2,https://www.mibostahl.com
13279800635,C + S Computer + Service GmbH Büromaschinen und Informationssysteme,1983-04-12,1091480.03,https://www.cs-zwiesel.de
19249726911,Mülheimer Wohnungsbau Baubetreuungs- und Verwaltungsgesellschaft mbH.,1994-12-15,1049483.36,https://www.mwb.info/startseite
10881709224,Müller & Sauer,,,
12935997867842505,SPA Parts SL,2019-02-12,,
114258485,Disch GmbH & Co. KG Bauunternehmen,1995-03-24,6551535.59,https://www.disch-bau.de
17057029736,Barbuto Treuhand GmbH,2021-02-02,,
146843075,Jütro Tiefkühlkost GmbH & Co. KG,2000-02-09,314547625.32,https://www.juetro-tkk.de
140141455,Wittschus GmbH,1985-05-29,4110573.06,https://www.wittschus.de
113785625,Baugesellschaft Gotha mbH,1993-08-03,36485747.36,https://www.bgg-gotha.de
131735866,Preis Zimmerei und Dachdecker GmbH & Co. KG,2010-02-12,1600096.55,https://www.dashandwerk.de/fulda/dachdeckerinnung-fulda/preis-zimmerei-und-dachdecker-gmbh-co-kg/
12428206085,LOCON SERVICE GmbH,2010-05-12,3688917.59,https://www.locon.de
141060465,Ergo gemeinnützige GmbH,1999-05-03,1211120.42,https://www.wandlungswelten.de/de/start.html
17295312124,Seemannschor Friedrichshafen e. V.,2009-12-10,,
195913775,WSG Westdeutsche Studiengruppe GmbH,2007-04-13,22828964.68,https://www.wsg-online.com
100493575,Precimeter GmbH,1990-02-21,5114224.58,https://www.precimeter.com
14606791833710616,Multiservicio Blay Viera SL,,,
12196481708587626,GO Finans SL,2020-01-27,,
191116596,EAM Energie GmbH,2013-11-11,168885358.28,https://www.ekm-energie.de
162568075,Hörgeräte Lang GmbH,1994-06-21,5355303.53,https://www.hoergeraete-lang.de
172341255,Florian Schwaiger Bau GmbH,2004-11-02,1254802.82,https://www.bau-schwaiger.de
19416369454,Art Design Messebau GmbH,1998-02-11,,
146075255,Hofmann Projekt GmbH,2006-04-24,835133.06,https://www.hofmannprojekt.de
122171555,Habich GmbH,1985-05-22,4831973.76,https://www.habich-gmbh.de
139339785,AVANZA Grundbesitz GmbH & Co. KG,2012-10-10,413853.47,https://www.avanzagruppe.de
104736195,German Health Medical Service GmbH,2010-05-12,41328.95,
167766866,Autohaus Müller GmbH & Co. KG,2012-10-09,13725490.92,https://www.mueller-auto.com
142273576,E.A.S. Entertainment - Arts Services UG,2011-07-26,420986.16,https://www.entertainment-arts-services.com
124372776,RMA GmbH,2011-05-16,66414.45,https://www.rma-ev.org
18801632831091946,Mapr Faycanes SL,,,
143078975,Mander-Malms GmbH,2007-03-08,4563988.77,https://www.mander-malms.de
142067245,Erwin Telle GmbH,1978-06-12,43994720.0,https://www.telle.de
104083965,Wohnungsgenossenschaft Lehrte von 1907 eG,2006-05-22,1946398.41,https://www.wg-lehrte.de
130826485,Zelte Krallmann GmbH,2009-06-23,42131.06,https://www.zelte-krallmann.de/menu.htm
165414284,Maier Walzen GmbH,1998-03-03,3675232.67,https://www.maierwalzen.de
137539865,Fa. Murmann GmbH,2007-05-15,844992.1,https://www.rohrreinigung-murmann.de
13777643311,Laborkreis GmbH,2008-04-23,151518.75,https://www.laborkreis.de
144677795,Metzger Logistik-AG,1997-08-22,10401254.45,https://www.metzger-spedition.de
137330455,Völtl Landtechnik GmbH,2009-12-22,14892655.84,https://www.voeltl-landtechnik.de
163998975,"MECO.N Gesellschaft für Beratung, Handel und Dienstleistung mbH",1999-06-01,2471393.69,https://www.mecon-gmbh.de
10800765655,Quantum Personalservice GmbH,2019-09-03,5224515.04,https://www.quantum-personalservice.de
12857370411,Hamann Touristik GmbH,2003-05-19,655016.97,https://www.lufthansa-city-center.com/de/reisebuero-hilden/hamann-touristik/
14757510226,DSM Bodensee IT GmbH,2020-11-09,118601.05,https://www.bodensee.it
167653765,MEVEGA GmbH,2002-06-11,5669859.61,https://www.mevega.de
152451485,Dicks GmbH & Co. KG Tiefbau - Straßenbau,1956-04-16,15483646.23,https://www.dicks-tiefbau.de
191693545,Franz Schädler GmbH Schädlingsbekämpfung,1986-01-22,4743897.95,https://www.schaedler-gmbh.de
190438245,Kreisbaugenossenschaft Künzelsau eG,1947-04-02,7213043.61,https://www.kreisbau-kuen.de
16923622224449756,Llogui Plast SL,,,
10732824145,Laser- und Kanttechnik Münsterland GmbH & Co. KG,2015-03-20,1469392.21,https://www.laserkanttechnik.de
113567175,Opture GmbH,2002-06-25,23641.49,https://opture.com
15405475101,TAB Berse GmbH,2012-03-29,1616693.17,https://www.tab-berse.de
11025996211,SimFin UG,2015-09-17,,
117130455,machineering GmbH & Co. KG,2009-10-22,3084894.93,https://www.machineering.com
17385279311,"Franz Brinkmann, GmbH",1947-03-31,54194964.73,https://www.brista.de
11225476024,Grund Verwaltungs-GmbH,2004-10-19,844179.66,https://www.grund-lehrte.de
190824565,Städtische Wohnungsgesellschaft Gaggenau mbH,1979-08-01,3957733.32,https://www.gaggenau.de
12254547281,Kondor Wessels Mark Brandenburg GmbH,1994-05-05,2419937.26,https://www.kondorwessels.com
146587805,Hydrauflex GmbH Schlauchleitungen,1991-06-14,144685936.64,https://www.hydrauflex.de
181939675,impuls - innovative Verbindungen GmbH,2008-05-15,1670299.71,https://www.triple-z.de
189972255,Raimund Hohmann GmbH sänitäre Installation und Heizungsbau,1986-01-24,5224177.72,https://www.raimund-hohmann.de
12501732024,"Volker Stiefel, Lebensmittelhandel eingetr. Kfm.",1975-02-17,,www.stiefel-hohn.de
137464246,Project Green GmbH,2011-08-04,3189844.54,https://www.project-green.com/startseite/
16986526209698605,Gala-Fonia SL,,,
14235989601,OntoChem IT Solutions GmbH,2015-05-28,4260215.19,
114216175,Transporte Brinkmann GmbH,1994-02-16,5175177.98,https://www.transporte-brinkmann-gmbh.de
164851555,Dentallabor Smeets GmbH,2002-10-01,688278.46,https://www.smeetsdental.de
14105844361,Stolze & Stroinski Heizungs- und Sanitärtechnik GmbH,2016-04-14,2078616.64,https://www.klempner-ahrensburg.de
19615083701,AH Primm GmbH,2015-05-27,381542.55,https://www.ah-primm.de
169941155,Capventura GmbH,2003-02-17,,
13219495795,Sarom AG,1997-02-12,,
14563972724,LSG Steuerberatungsgesellschaft mbH,,,
185725475,KFA Bauplanung GmbH,2007-01-24,4401062.19,https://www.kfa-hamburg.de
163242675,ÖKOTOP-Massivhaus GmbH,2008-07-23,1061628.15,https://www.oekotop-massivhaus.de
123885805,Master Fassaden und Gerüst GmbH,1992-12-14,1277105.65,https://www.master-fassaden-geruest.de
140496415,Unikat Versicherungsmakler GmbH,2006-07-05,690238.34,https://unikat-versicherungsmakler.de
1480589011,WS Equestrian HABST UG,2014-05-06,14088.64,https://www.ws-equestrian.de
18986449871,smart-lamps Lichttechnik GmbH,2013-12-09,101254.35,https://www.smart-lamps.de
156898706,General Capital Group Beteiligungsberatung GmbH,1997-05-27,955775.76,https://www.generalcapital.de
120463465,MARCO POLO Engineering GmbH,1994-08-29,951446.29,https://www.gtaenergy.com/pages/deutsch/willkommen.php
138398055,Brand-Präzisionstechnik GmbH,1994-11-08,1186955.17,https://www.brand-praezisionstechnik.com
11575897621,SCHOKINAG Holding GmbH,2016-02-11,21.86,https://www.schokinag.com/de/
1441551181,ATEGRIS GmbH,2005-12-16,265809823.61,https://www.ategris.de
18484969132710356,Pneu Fuchs Basel AG,,,
187360065,Holzhandel Wollersheim Verwaltungsgesellschaft mbH,2003-09-01,78791.91,https://www.holzlieferant.de
181337065,BÜSCHEL Beteiligungs GmbH,2001-09-12,60923320.01,https://www.bueschel.de/de/
11428287311,Klüber-Putz GmbH,1984-01-04,3359081.82,https://www.nicelocal.com.de/hessen/building/kluber-putz_gmbh/
199705085,Carnot Logistik GmbH,2001-07-11,9457750.6,https://www.carnot-vertrieb.de
160590365,Wohnwelt Fahnenbruck GmbH,1982-05-18,23696655.36,https://www.fahnenbruck.de
192303065,HolzLand-Becker GmbH & Co. KG,1973-05-03,778156.06,https://www.becker-warburg.com
17873634384,ProChem GmbH Emissionsmessungen Spezialanalytik chemisch-technische Beratung,1997-10-13,4308515.24,https://www.prochem-net.de
10215000291116726,Publicidad Chiclana SL,,,
18416155131,Stadler Abbruch GmbH,2016-03-02,2966133.29,https://www.stadler-abbruch-gmbh.de
104268385,Musikverlag Progressive GmbH,1959-03-11,557129.63,https://www.progressive-mv.de
16146763870764316,Schliefke Umzugslogistik GmbH,2006-09-13,5745984.26,https://www.schliefke-dms.de
10023046956441315,Enrique Salazar SL,,,
103683266,Flügel & Sohn GmbH,2011-12-12,226161.45,https://www.gebrauchtwaren-dresden.de
103392455,Uro-Bamberg GmbH,2006-07-18,62319.26,https://www.urologie-bamberg.de
197796705,Vector Consulting Services GmbH,2007-02-12,6571789.02,https://consulting.vector.com/de/de/
15512311805,GIATA - Gesellschaft zur Entwicklung und Vermarktung interaktiver Tourismusanwendungen mbH,1996-11-19,9314450.98,https://www.giata.com/de/
176619075,Eva Pfitzner Leserattenservice GmbH,2007-12-21,365899.76,https://www.leserattenservice.de
196772155,pro... gemeinsam bauen und leben eG,1999-12-23,21560118.72,https://www.pro-wohngenossenschaft.de
142382285,SMT Maschinengesellschaft mbH Systeme - Maschinen - Technologie,1987-03-25,10950837.16,https://www.smt-wertheim.de/home.html
130561665,VMT Vision Machine Technic Bildverarbeitungssysteme GmbH,1995-12-14,31216400.05,https://vmt-vision-technology.com
180406075,Earth 3000 gemeinnützige GmbH,2001-07-17,180744.86,https://www.earth3000.org
10901360154,ESKAGE Alfred Schierholz KG,1970-08-12,,
117548855,Partner Group Consulting GmbH,2005-09-26,54141.32,https://www.pgc-group.de
189466575,ProCura Beratungsnetzwerk GmbH,2005-09-28,6324.5,https://www.procura-finanz.com
154760985,CIB consulting GmbH,2008-12-10,15035646.21,https://corporate.cib.de/cibgroup/
13247314311,Gebäudereinigung Großmann & Stange GmbH,2000-04-25,6780819.17,https://www.grossmann-stange.de
166072985,Herr Holzbearbeitung GmbH,1984-01-24,1108680.13,https://www.ihr-fensterpartner.de
161521184,AirEmotion GmbH,2013-07-23,133230.52,https://www.airemotion.de
194605335,Golfanlagen Weiland GmbH,1992-11-20,41604255.25,https://www.golf-absolute.de
182544545,Steidinger Verwaltung GmbH,1977-04-22,278352.68,https://shop.tila-lachenmaier.de
190286955,SK - Kälte & Klima Verwaltungs-GmbH,2004-12-29,73008.57,https://www.sk-kaelte.de
175908605,SORTEC Umweltdienste GmbH,1996-07-05,6955937.63,https://www.m-s-i.de
18742891914,ABZ Ausbildungszentrum Köln GmbH,2017-11-16,203473.96,https://www.abz-koeln.de
16956520795,THREE-TEC Mechanik AG,1999-02-22,,
12595359551,proAquaris wassertechnik GmbH,2006-11-08,497364.05,https://www.proaquaris.de
134469184,Heinz und Achim Weber GmbH,1992-10-23,821789.74,https://oco-weber.de
12559534547610016,"Garcia Aparicio, Antonio",,,
19423295795,SB Transporte GmbH,2020-01-24,,
12321857935,"Malte Bauunternehmen GmbH Bauelemente Im- und Export, Hoch- und Tiefbau",2001-08-14,58646.14,https://www.malte-bauunternehmen.de
191408875,Andreas Scherff Consulting GmbH,2007-01-08,361814.57,https://www.andreasscherff.de
17105752353,vertriebskick GmbH,2010-01-22,1866121.6,https://www.vertriebskick.de
155104285,Baustoffhandel Karsdorf GmbH,1996-02-26,1200942.44,https://www.baustoffhandel-karsdorf.de
112795755,Klingenfuß GmbH,1964-04-17,2477866.35,https://www.klingenfuss-druck.de
108099075,SKW Servicegesellschaft Krankenhaus Waldfriede mbH,1999-10-07,2322063.29,https://www.krankenhaus-waldfriede.de
17638964121,Sanad Sablan GmbH,2015-12-30,,
13589512256,S.K. Baugesellschaft mbH.,2002-06-20,,
115005305,Thielen Spezialkulturen GmbH,2005-07-27,10252408.17,https://www.intermarkt-thielen.de
180376985,Richter Elektrotechnik GmbH & Co. KG,2008-01-21,2915482.43,https://www.richter-elektrotechnik.de
168587025,HS Apparatetechnik GmbH,2006-07-13,2338523.71,https://www.hs-apparatetechnik.de
19415152311,Uecker Dental GmbH,,408940.81,
107392665,Miss Lagotte GmbH,2001-12-07,4823679.67,https://www.misslagotte.com
1518539856,CNC ON GmbH,2015-01-08,2955766.14,https://www.cncon.de
18698631384,ELISE GmbH,2018-08-10,10513171.86,https://www.elise.de
16605156731,Hanessa UG,2016-03-08,535478.07,https://www.amazon.de/sp
11535003311,Autohaus Hertel & Weichert GmbH,1991-10-09,4500292.57,https://www.hertel-weichert.de
167189075,"J. Schwarz GmbH Holzbau, Dachdeckung",1995-01-13,1913387.69,https://www.zimmerei-schwarz.de
159623965,AGRA Stahlhandels-GmbH,2007-08-03,5495922.28,https://www.agra-stahlhandel.com
157061955,Mühle Wach- und Sicherheitsdienste GmbH,1998-01-28,4142334.39,https://www.nwsg.de
177965155,Eckstein GmbH,1998-10-16,2080839.11,https://www.eckstein-tragetaschen.de
191915255,Küchenstudio Pfisterer & Fuchs GmbH,1995-07-14,2741514.38,https://www.pfistererfuchs.de
12624246384,Gerätebau Wiedtal Schützeichel GmbH & Co. KG,1962-04-26,26078785.63,https://www.schuetzeichel.de
10633247967351725,Mels Soldado SL,2021-01-11,,
157098096,RMS Rotodecor Holding GmbH,2009-12-02,11599886.69,
12689661384,Autohaus Weeber GmbH,1975-01-28,277180538.31,https://www.autohaus-weeber.de
140004955,Uwe Warnecke Sanitärtechnik GmbH,2001-01-17,1343011.26,https://www.uwe-warnecke.de
171746665,QualitySmile - Dentales Netzwerk Deutschland GmbH,2007-01-08,8226101.37,https://www.quality-smile.com
17678817875,FRisCo Guide GmbH,2020-02-03,568887.19,https://www.friscoguide.de
12384054011853266,Schwimmschule H.P. Schoeb,,,
118269365,Meyer & Grave - Treppen - GmbH,2003-07-30,727570.82,https://www.meyer-grave.de
166893555,Wagner & Co. Industriebedarf GmbH Solution and Development,2004-05-17,2131224.37,https://www.wagner-industriebedarf.de
18650703184,MK Klassik GmbH,2001-11-27,6906297.45,https://www.mk-klassik.de
167275985,LOGOS - Ingenieurplanungs GmbH.,1992-06-04,856761.91,https://www.logos-ib.de
121966265,RSW Armaturen GmbH (GmbH),2007-01-15,1310096.27,https://www.rsw-armaturen.de
145568176,TRD Tierrettung / Tierambulanz Mittlerer Neckar gemeinnützige GmbH,2012-02-28,213042.1,https://www.tierrettung-mittlerer-neckar.de
16406187882,Wismar Pellets Löbau GmbH,2016-11-24,5372.98,https://www.wismar-pellets.de
14614868905,Enamel GmbH,2005-05-09,3442271.22,https://www.enamel-dentallabor.de
149679475,Helwig GmbH,2002-02-07,1052311.2,https://www.helwig-transporte.de
14414586427831954,Biotronik Spain SA,,,
13680359546,Uniks APP SL,2015-05-11,,
165275565,Expert Personaldienstleistung GmbH,2002-03-27,5499007.16,https://www.expert-personal.de/de/home.html
197861725,Best-Park GmbH,2013-07-03,84908.52,https://www.bestpark.de
15026416633,ULBRICH group GmbH,2017-03-18,,
166740675,FB-Consulting GmbH,2009-01-13,69234.08,https://www.fb-consulting-gmbh.de
174316065,dvs vif GmbH,1999-05-11,737103.17,https://www.dvs-group.com
15719661354,WB-Verwaltungs-GmbH,1999-06-07,,
180532175,Fahrschule Happy Drive GmbH,2004-03-06,212552.83,https://fahrschule-happydrive.de
160495265,ems Schmiedke GmbH & Co. KG,1972-12-06,1000652.73,https://www.ems-motors.de
119321955,Günter Krohmer GmbH,1989-02-22,5034073.07,https://www.krohmer-gmbh.de
100437255,Rohm und Werner Seifen- und chemisch-technische Fabrik GmbH,1978-04-19,20020418.46,https://www.ro-we.com
100278755,Treff GmbH,1996-10-31,919310.08,https://treff.de
182104856,Methode Brigitte Kettner GmbH,2009-09-09,3333147.45,https://www.kirsch-cosmetics.de
151045876,Plan-eta GmbH,2010-05-05,295486.68,https://plan-eta.de
132872846,"Zimmerei, Gerüstbau und Verleih GmbH Tangerhütte",2003-01-28,,
126484665,Golfplatz Hofgut Scheibenhardt AG,1993-09-08,8200217.02,https://hofgut-scheibenhardt.de
157407415,Venjakob Holding GmbH,2008-01-02,4457243.12,https://www.venjakob.de
131153795,Biomarkt im Hofgut Hagenbach GmbH,2008-12-23,1212970.61,https://www.hofgut-hagenbach.de/biomarkt/
175103455,Beteiligungsgesellschaft BRECO mbH,1970-06-24,440723.46,https://www.breco.de
121359155,WIKO Planung von Metallbaukonstruktionen GmbH,1993-10-15,1215391.41,https://www.wiko-gmbh.de
16108994928671125,Bañezana de Plasticos SL,,,
12139647897796584,Elektro Aniwanter GmbH,,,
182790985,GFA World Golf For all UG & Co. KG,2007-08-07,518083.32,https://golf-for-all.de
18252645290862384,Construmed Plus SA,,,
128142295,Tigerbytes GmbH,2009-04-14,2225853.4,https://www.tigerbytes.de
13195162895,Buobpack GmbH,2003-06-17,,
10637298177714145,ELX Shoes SL,,,
10403054862769655,Tonipark SL,,,
198705375,STÖCKIGT - DACHTECHNIK GmbH,2001-11-02,2502678.59,https://www.stoeckigt-dachtechnik.de
11716360811,Auto Franke GmbH,2015-11-25,1830475.27,https://www.autofranke.de
181304465,THESUS Assecuranz Versicherungsmakler GmbH,1994-04-19,691153.09,https://www.thesus-assecuranz.de
134459784,Schneider Erd-Tiefbau GmbH,1980-03-07,34128542.52,https://www.schneider-erdbau.de
135555285,UNI Service GmbH,2001-12-12,1321866.24,https://www.gaestehaus-uni.de
19726507165,Ballan & Brüschke Werkzeug- und Maschinenbau GmbH,2019-10-17,149770.31,https://www.ballan-brueschke.de/startseite.html
12310734384,HVT Haus- und Versorgungstechnik GmbH,1991-08-01,7081165.52,https://www.hvt-potsdam.de
13441082805,WEKA Gaststättenbetriebe GmbH,1986-12-22,,
102505655,DFS Deutsche Forst-Service GmbH,2001-11-29,6112270.79,https://www.dfs-online.de
134715855,ADESTIS GmbH,2000-08-17,4376511.63,https://www.adestis.com/de/
17304347495,rmb automoto bolliger,2013-08-21,,
107541466,Pianka Besitzverwaltungs GmbH,2013-03-27,,
128364075,Gebr. Schermuly Busunternehmen GmbH & Co. KG,2003-07-03,9845110.21,https://www.schermuly-reisen.de/Startseite/
179266307,EPP European Property Partners GmbH,2013-01-18,499289.98,https://www.ep-partners.com/de/
152373655,Schwäbische Wurst-Spezialitäten Nothwang Verwaltungs-GmbH,1989-04-19,1179327.07,https://www.nothwang.com
157001686,HE Profilcenter GmbH,2012-11-05,8430741.39,https://www.he-profilcenter.de
169298165,Metallpresswerk München GmbH,2001-11-21,4733241.16,https://www.mpw-muenchen.de
168765356,ARSAT GmbH,2011-09-26,1103099.05,https://www.gerards-gourmets.de
12704913385,ALL-Logistik GmbH,2020-05-18,2803866.94,https://www.all-logistik.eu
18785149871,FutureValue Real Estate GmbH,,27594.08,https://www.fv-realestate.de
109523965,Lehnen International GmbH & Co.KG,2007-01-18,181998.64,https://lehnen.de
184718265,Thera Human GmbH,2004-11-23,374247.7,https://physiotherapie-thera-human.de
17136804311,SOHST Metall- u. Stahlbau GmbH,2002-12-30,1065272.02,https://www.sohst-grabow.de
12386109001215716,Hamburgesas Goxua SL,,,
18446181500059645,Aires de ONA SL,,,
126823865,Jäger & Frese GmbH,1984-02-01,27295380.24,https://www.jaeger-frese.de/de/
12559152488704554,Iglesias y ROS SL,,,
14601356356,VINDOBONA Personalbereitstellung GmbH,2020-01-18,,
112257406,R. Schweiger GmbH,2001-11-20,239490.86,https://www.schweiger-flachdach.de
112183576,Bayern Projekt GmbH,1997-01-20,1605891.12,https://www.bayernprojekt.de/bayern-projekt.html
136560455,"ABS Hennigsdorf Gesellschaft für Arbeitsförderung, Beschäftigung und Strukturentwicklung mbH",1992-04-30,5320041.26,https://www.abs-hennigsdorf.de
12825707353,MVZ Lahntal GmbH,2013-11-14,4087455.89,https://www.krankenhaus-lahnstein.de
187105565,PPE Personaldienstleistungen GmbH & Co. KG,1986-03-26,2160274.94,https://www.ppe.de
17960492124,HMW Betriebe Holding GmbH,1996-05-29,1454109.37,https://www.hmw-holding.de/hmw-holding
19270169942,Hommel Invest GmbH,2016-09-28,131702.16,https://www.hommel-invest.de
138443565,Hornung Hausverwaltung GmbH,1988-04-05,484010.02,https://hornung-hausverwaltung-gmbh.stocksfloor-vs.de
10695763574,decema Capital Holding GmbH & Co. KG,2018-05-22,,
137460155,Vigor-Feingerätebau GmbH & Co. KG,1955-04-14,3748332.57,https://www.vigor-feingeraetebau.de
182952385,Deekeling Arndt Advisors in Communications GmbH,2001-08-10,7381504.92,https://www.deekeling-arndt.com
139503785,AKABUS GmbH & Co. Meusdorfer Str. 15/17 KG,1999-04-19,467281.87,https://www.akabus.de
16906139075042654,KD Medienpark Grünstadt GmbH,2011-06-09,1485166.57,https://www.kiliandruck.de
16902390074832425,TRJ Hotel Animacion SL,2012-12-26,,
112831855,JobPiraten GmbH,2009-07-09,30877.59,https://www.jobpiraten.com
182514955,Holzbau Martin Engel GmbH & Co.KG,2002-04-18,772553.07,https://www.engel-zimmerei.de
154634706,Elbe-Holding-Beteiligungsgesellschaft mbH,2010-03-17,77550.92,https://www.elbe-holding.de
185065076,Tintenfuzzy GmbH & Co. KG,2009-12-28,505553.2,https://www.tintenfuzzy.de
146959556,K & H Transport GmbH,2011-11-22,1155391.82,https://www.spezialtransporte-magdeburg.de/header_index.html
152095196,projx GmbH,2013-08-21,2009284.67,https://www.projx.de
13519706765,Zahnärztliches Versorgungszentrum Dr. Mangel & Kollegen (MVZ) GmbH,2018-12-21,7221569.53,https://www.prophylaxe-zahnarzt-vellmar.de
12787864219613536,Kotowski GmbH,2013-04-25,1222522.8,https://www.kotowski-gmbh.de
144022656,Crisis24 GmbH,2010-03-15,9386875.53,https://www.exop-group.com/de/
178308575,H.J. Paul Einkaufs- und Verkaufs GmbH,1977-04-19,,
173180985,Dürrwanger Verwaltungs GmbH,2007-12-12,137995.23,https://www.baugeschaeft-duerrwanger.de
12331354805,elumatec Holding GmbH,2015-10-20,119010934.48,www.elumatec.com/de/start
163033285,Uschmann Electronic GmbH,1990-11-14,444955.79,https://www.ue-edv.de
145860275,Auto Team Handels- und Service GmbH,1989-07-18,820964.53,https://www.autoteam-dietzenbach.de
169398055,Barmenia Allgemeine Versicherungs-AG,1957-12-24,475290227.39,https://www.barmenia.de
12950749746029646,Okis Suministros Industriales SLL,,,
10023692687987635,Solados y Alicatados Mostoles SL,,,
175195285,IBZ Industriebauberatungszentrum GmbH,2005-01-06,838934.87,https://www.ibz-waren.de
195080135,Ingo Holzer GmbH & Co. Textilhandels KG,1991-07-05,6739789.53,https://www.linus-store.com
111280066,B & B Bau- und Projektmanagement GmbH,2007-11-09,290038.63,https://www.hubertundpit.de
16817763941,TG Telefonbuch-Verlag Frankfurt/M.-Chemnitz Verwaltungs-GmbH,2008-01-30,65411.79,https://www.sellwerk-frankfurt.de
14819647114624236,Quobach SL,,,
132932684,Wittgenstein New Energy Holding GmbH,2011-12-13,8552012.18,https://wne-holding.de
143481415,Ernst Zimmermanns GmbH,1976-12-27,8195910.26,https://www.entsorgung-mg.de
196799565,Harri Hübner GmbH,1992-04-27,2115345.18,https://harri-huebner.de
16756907450661126,Kaindl Immo GmbH,2021-10-22,,
17437210926,Handy Huus T. Cubuk,2014-02-13,,
16750822158852354,Aerial Measuring Drone SL,2019-10-31,,
109440755,"Blaschke, Rossiwal & Partner Steuerberatungsgesellschaft mbH",1983-12-15,758919.1,https://www.b-r-p.de
144622955,Hotel Amaris GmbH,2006-01-05,2609381.14,https://www.hotel-amaris.de
10735011703,Schmidt Holzbau GmbH & Co. KG,2016-12-21,2228787.99,https://www.schmidt-holzbau.org
191653695,cidpartners GmbH,2010-01-12,2782064.62,https://www.cidpartners.de
10483610259350125,Minium Servicios Audiovisuales SL,,,
138008276,Tex&More GmbH,2013-03-27,211497.45,https://www.texandmore.de
1810513651,KLW St. Paulus GmbH,2007-12-07,185411304.28,https://www.klinikum-luenen.de
13405141351,Statpro (Deutschland) GmbH,2000-08-21,34370030.69,https://www.statpro.com
12762121074486276,HPP International Planungsgesellschaft mbH,2003-02-10,40714943.32,https://www.hpp.com
150962885,Egid Münch GmbH & Co. KG,1990-01-04,4040957.25,https://www.egid-muench.com
191818565,SYSMEX DEUTSCHLAND GmbH,1995-09-13,130432256.52,https://www.sysmex.de
152298756,UNID Communication GmbH,2011-06-09,6337838.46,https://www.unid.de
114835965,Martin Loibl Baustoffhandel und Verputzarbeiten GmbH & Co. KG,1994-04-14,2589665.47,https://www.loibl-bau.de
177029465,Künkele GmbH,1984-03-26,17679.67,https://www.schapfenmuehle.de
12979045293804984,Carrocerias y Motor GB Sport SL,,,
129237636,Lichtplanung und Beleuchtungstechnik Nord GmbH,2009-05-26,61762.45,https://www.licht.de/de/
134596165,D&M Car Service GmbH,2006-09-04,619077.91,https://www.dm-carservice.de
184894555,Jochheim GmbH & Co. KG,1975-06-10,11249067.21,https://jochheim-spedition.de
113829655,PRO MEDISOFT Software Systeme für das Gesundheitswesen AG,2006-06-12,71001269.29,https://www.pro-medisoft.de
10631048204,ODS Object Design GmbH & Co. KG,1987-06-12,4938214.77,https://www.ods-net.de/de/willkommen-2/
102852365,Griese Grundstücks GmbH & Co. KG,2005-08-24,644336.17,https://www.griesotec.de
13605303303,Ballerstädt-Rieber GmbH,2016-12-14,750435.44,https://www.ballerstaedt-rieber.de
115164875,WIBATEC GmbH,2004-09-08,2070557.62,https://www.wibatec.de
141444665,Seiling GmbH & Co. KG,2005-12-29,7428971.53,https://www.behrens-gruppe.de/holzgrosshandel
14579683456,Aksoy Malerei und Vollwärmeschutz OG,,,
133932306,Cottleston GmbH,2007-01-12,1400561.19,www.incloud.de
18047775652646215,Salon Azul Peluqueria Unisex SL,,,
15115613222,IH Management GmbH,2014-08-13,202369.16,https://www.ih-management.com
181773285,Vollrath Wasmuth Vertriebs GmbH,1980-08-25,16628.36,https://www.vollrathwasmuth.de
169636455,Trafo2 GmbH,2001-01-02,1075453.19,https://www.trafo2.de
146746265,Internationale Wirtschaftsnachrichten Verlagsgesellschaft mbH,1996-08-23,480466.51,https://www.iwn-verlag.de
164879955,RB GmbH,1990-11-01,4079430.74,https://www.ruehlig.com
176277376,Sport Contact Teamsport GmbH & Co. KG,2012-06-14,2315705.53,https://www.teamkonfigurator.de
147975186,DAS-Recycling GmbH,2011-02-14,63743.06,https://das-recycling.de
163802145,Böttcher Energie GmbH & Co. KG,2003-03-06,66755780.31,https://www.boettcher-energie.de
182560465,Herbafood Ingredients GmbH,1990-09-26,48066210.88,https://www.herbafood.de/de/
112683255,Magtrol GmbH,1998-08-10,230601.26,https://www.magtrol.de/drehmomentaufnehmer/bsd.html
130728665,Der Dienstleister rund um die Immobilie GmbH,1999-08-02,344814.29,https://www.der-dienstleister.com
122178007,styleZ & wood GmbH,2011-05-13,471176.92,https://www.stylezandwood.de
144916465,Maschinenbau Haldenwang GmbH,1977-12-08,4799122.19,https://www.maha.de
188624765,Autohaus Hoppe GmbH,1999-03-19,28568697.58,https://www.autohaus-hoppe.de
153489475,TCG Truckcenter Graffe GmbH,2008-03-17,13859062.77,https://www.tc-graffe.de
10075044861,t&h Werkstatt:jugend gemeinnützige GmbH,2015-10-30,140054.82,https://www.hup-jugendhilfe-bw.de
1871580738,Zahnärzte Föll und Dr. Kolymparis Überörtliche PartG Bonn/Groß-Gerau,2014-10-30,,
120828655,Oemeta Chemische Werke GmbH,1953-06-08,67987414.59,https://de.oemeta.com
155157276,SunGrow Deutschland GmbH,2011-09-23,121708995.88,https://ger.sungrowpower.com
159368075,solvimus GmbH,2007-01-19,5808505.37,https://www.solvimus.de
18486634235769385,Terminal SA,,,
150052455,Argon-Lighting GmbH,1995-02-22,7019660.23,https://www.argon-lighting.de
189861155,Berning Modellbau GmbH,1990-03-14,7684813.69,https://www.berning-modellbau.de/de/
11755625813,Realfina GmbH,2007-04-20,165548.44,https://www.realfina.de
14817573384475866,Trucker Restobar SL,,,
175463856,Zenz GmbH,1995-05-22,504703.2,https://www.zenz-metall.de
184133915,HVM-Hamburger Versicherungsmakler GmbH,1996-08-26,2673597.95,https://www.artus-gruppe.com/home
12412842445,INTERWEI Trocknungs- und Vermietservice GmbH,2018-02-12,359613.28,https://www.interwei.de
176316876,La Coupe GmbH,2009-11-26,1008920.72,https://www.la-coupe.de
136216745,Taunus Hausbau GmbH,2011-05-24,4591366.2,https://www.taunus-hausbau.de
130878316,EXONN GmbH,2010-04-12,160542.04,https://www.exonn.de
141360295,Bremer Hamburg Transporte GmbH,2012-02-20,3323512.04,https://bh-recycling.de
198666465,"Dipl.-Kfm. Michael Stolz Gesellschaft für Unternehmensberatung, Kommunalbetreuung und Schulung mbH",1996-03-20,72210.71,https://www.firma-stolz.de
144767976,Riesner Textilpflege GmbH,2013-07-26,3182496.79,https://www.waescherei-textilpflege.de
12701396978134395,Relojeria Soriano SL,,,
106277465,Karl Wiedemann Verwaltungs GmbH,2005-12-22,2509.24,https://www.wiedemann-enviro-tec.de
12523238556,Leutz GmbH,1998-02-24,89903.78,https://www.leutz-elektronik.de
1987571397,UB8 GmbH,2015-02-10,4327824.77,https://www.usracing.one
123861976,sera ProDos GmbH,2010-08-17,22352764.48,https://www.sera-web.com/de
14412890137771315,Azafatas y Traductoras de Elite SL,,,
150894885,Peter Hüssen Nachfolger Farben GmbH,1979-01-11,3251880.91,https://www.farben-huessen.de
179368266,Seniorenzentrum Frickingen eG,2012-01-31,1151120.86,https://seniorenzentrum-frickingen.de
171226376,International Bilingual School Munich gemeinnützige GmbH,2010-08-11,2002168.08,https://www.ibsm-school.eu
184277276,14 oz. GmbH,2012-10-30,8176086.31,https://www.14oz.com
170161975,Zaspel Transport GmbH,2004-12-27,3565554.28,https://zaspel-transport.de
13006251381,Decom Prüflabor Verwaltungs GmbH,1991-11-07,15801.9,https://www.decom.de
11885582524,Gebr. Koch GmbH & Co. KG,1945-12-12,6091483.81,https://www.koch-lagertechnik.de
119463065,sinit bad schwalbach besitz GmbH,2006-06-28,9544434.37,https://www.sinit.com/de/
124831916,KC-Wartungsgesellschaft mbH,1999-10-21,1239980.21,https://www.kc-wartungsgesellschaft.de
151315265,Freibott Bausanierung GmbH,2001-02-21,1125801.03,https://www.freibott-bausanierung.de
14355519034,Sonnenapotheke Mr. Ph. Edbert Plöckinger (Altenmarkt),,,
154470296,Wasserfuhr Austrockungen GmbH,2011-11-15,755584.39,https://austrocknungen.de
18423318381049335,Incentivos Karisma SL,,,
1330504149,Wernst & Cie Beteiligung GmbH,2015-03-18,7685.12,https://www.wernst-werte.de
123404455,Ursula Hotstegs GmbH,2004-04-27,2794849.06,https://www.optikmarkt.de/de_DE/
133168065,TreuhandSozietät GmbH Wirtschaftsprüfungsgesellschaft,2006-07-25,311734.98,https://www.treuhandsozietaet.de
18114675484,H+K Acryl Design GmbH,2004-06-04,2425638.11,https://www.hk-acryldesign.de
170328175,Sanitätshaus Weber & Greissinger Stuttgart GmbH,1997-06-10,6770080.39,https://www.weber-greissinger.de
14205915841,HD Bau GmbH,1996-03-26,5055138.21,https://www.hd-bau.de
155669526,MRN Raum für Gesundheit GmbH,2009-06-29,515359.63,https://www.m-r-n.com/gesundheit
136098565,BILDNER Verlag GmbH,2000-12-19,1398113.33,https://bildnerverlag.de
198710535,Bonzek GmbH,1999-12-15,188338.03,https://www.bonzek.de
140915755,Meese GmbH,1995-04-18,3971733.24,https://www.meese.de
18634111222512215,MIKES SPORT & FASHION e.U.,,,
143358965,Berger + Partner GmbH,1988-09-08,434122.24,https://www.berger-u-partner.de
175478265,Online Sachsen GmbH & Co. KG,2005-08-03,515789.76,https://www.online-sachsen.de
166451585,Noxygen Science Transfer & Diagnostics GmbH,2004-06-01,513852.24,https://www.noxygen.de
16450918535,E + S Energie + Service GmbH & Co.KG,1999-01-20,1508291.94,https://e-s-energie-service.de
191616065,Pollems GmbH,1993-11-18,21498938.28,https://www.pollems-gmbh.eu
10884159506526026,Carpinteria Ureta Bustos SL,2021-03-17,,
15712424495,La Casquette SA,1990-08-28,,
136135065,MERAXIS Germany GmbH,2000-04-19,4244702.92,https://www.sellcon-polymers.com
140633775,Taxi- und Mietwagenruf GmbH,2001-01-23,1165156.02,https://www.ingelheim2222.de
159263416,iPutec Verwaltungs-GmbH,2011-01-11,118540.68,https://iputec.de
128662655,"Elita Elektroanlagen, Alarmmeldesysteme und Elektronik GmbH",1986-10-09,5318675.44,https://www.elitagmbh.de
167884826,MG-Transporte GmbH,2011-09-01,2410446.6,https://www.mg-transporte.com
192556219,Mesch Elektrohandel GmbH,2010-12-13,,
167074665,Loeh GmbH,1990-03-22,1822907.42,https://www.loeh-gmbh.de
11026168311,Autohaus Straus GmbH,1981-02-11,6210208.46,https://www.autohaus-straus.de
12992109831686305,SEI & Hogar SL,2019-01-29,,
13647591971,Whoohoo Germany GmbH,2009-05-14,10882332.65,https://www.whoohoo.com
15687358211,Domus Finanz & Versicherungsdienst GmbH,1997-03-18,459909.68,https://www.domus-finanz-versicherungen.de
176055455,PTA Beteiligungs-GmbH,2005-12-13,339944.72,https://www.pta-technology.com/de/
105776285,DVMA GmbH Vertretung für Maschinen- und Anlagenbau,1994-12-07,1057729.58,https://www.dvma-gmbh.eu
16315961191,BOB project management GmbH,2016-07-08,3280257.87,https://www.bob-ag.de/de/bob
120955855,IFAM Sales and Communication GmbH,2007-03-07,1367451.26,https://www.ifam.de
120883955,Jost und Pilger GmbH & Co. KG,2006-11-20,612331.87,https://www.jost-pilger.de
16355878999524316,Ballestas Quart SA,,,
127004696,Metacarp GmbH,2009-02-04,2223315.39,https://www.metacarp.de
186394665,Bürgel GmbH,1991-03-13,3585455.09,https://www.buergel-gmbh.de
124337475,Terracur Verwaltungs GmbH,1996-11-12,192053.65,https://terracur.de
17576474036,Schlub Tief- und Strassenbau AG,1990-04-19,,
12165488221,Karin Weyand Autohandelsgesellschaft mbH,1980-07-01,174946.44,https://www.weyand-gmbh.com
191773117,Bluhm & Plate Glas Vertrieb GmbH,2011-12-01,22183578.03,https://www.bluhm-plate.de
109685935,Salaground Beteiligungs GmbH,2005-05-31,3342328.96,https://www.salaground.com/de/
11052914705,Chirurgica Labor-und Krankenhausbedarf K.G. A. Rübelmann,1957-08-08,,
169460395,emdequity GmbH,2007-01-04,84074864.64,https://www.emdequity.de
10276062303623435,Mediagruppe Nord Verwaltungsgesellschaft mbH,1950-03-30,106716.26,https://www.mediagruppe-nord.de
147865526,HWS Cordes GmbH & Co. KG Wirtschaftsprüfungsgesellschaft Steuerberatungsgesellschaft Pforzheim,2010-04-30,2447510.05,https://www.hws.de/standorte/hws-cordes
171429375,B & N Gastronomiebetriebe GmbH & Co. KG,2002-04-30,2424734.86,https://www.hase-catering.de
102573965,AMServ Süd GmbH & Co. KG,2004-07-29,29947366.1,https://www.amserv.de
129642225,Auto-Schiffer GmbH,1986-02-06,1495337.96,https://autoschiffer.go1a.de
178633525,Grundstücksverwaltung Geschwister Miele GmbH & Co. KG,1998-12-28,9585216.58,https://www.grundstuecksverwaltung-geschwister-miele.de
19545478321,Presse Vertrieb Potsdam GmbH & Co. KG,1991-07-11,6749867.4,https://www.pvp.de
12615199481,KüchenTreff Schöppich GmbH & Co. KG,1975-10-06,4976189.25,https://www.schoeppich.de
172129656,publity Performance GmbH,2012-06-19,397911.76,https://www.publity.de
19235743105,VFS Personalberatung GmbH,2018-11-19,4012446.16,https://www.vfs-personalberatung.de
14017235475520445,Fair Trade Future Beteiligungsgesellschaft mbH,2022-05-20,,
125888345,Helmut Müller GmbH,2011-02-25,4119604.54,https://www.hm-pcc.de/de_DE/
146772185,M & C GmbH,1999-03-23,2231840.16,https://www.medien-computer.de
110358265,AMD Analysis & Technology AG,2004-09-17,213279.72,https://www.amd-analysis.com
19235629213,Heinrich Breuer Projekt GmbH,2000-04-13,12807200.55,https://www.artronaut.online
16357526126448454,Energiekontor Janssen e. K.,2015-05-21,,https://www.energiekontor-janssen.de
124680165,Xaver Schalk Bau-GmbH & Co. KG,1994-04-15,9370169.58,https://www.schalkbau.de
133840275,neugebauer.IT GmbH,2006-05-05,263305.7,https://www.neugebauerit.de
199847375,D-K Kunststoff-Folien GmbH,1992-12-02,2727628.46,https://www.d-k-kunststoff-folien.de
183029155,SportStudio AKUF GYM GmbH,2001-02-07,505239.85,https://www.akuf-gym.de
173587465,Profima Video Discount GmbH,1991-01-23,19422243.48,https://www.silwa.de
162550555,"Megla GmbH, Metall- u. Glas- Handels- u. Montagegesellschaft",1993-01-27,703336.25,
124822565,ORC cars GmbH,1985-07-15,1563153.72,https://www.orc.de
16966371085,elsi-tec GmbH & Co. KG,2020-05-04,3457597.43,https://www.elsi-tec.de
156196485,Ador Global GmbH,2008-11-14,1181378.81,https://www.ador-edelmetalle.de
124484275,TPD Medien GmbH,2000-03-28,1094900.25,https://www.tpd.de
19842415224,Philotech Systementwicklung und Software GmbH,1987-04-24,18970111.04,https://www.philotech.net
150634284,TENDENZA Verwaltungs- + Beteiligungsgesellschaft mbH,1999-04-23,13930.59,https://www.tendenza.com
166684165,KINOPOLIS Leverkusen GmbH,2008-10-02,9078732.9,https://www.cineplex.de/leverkusen/
161681975,soliq GmbH,2007-02-15,76363.15,https://www.soliq.de/de/
128273855,HSG Hörfunk Service GmbH,1991-02-20,25955373.14,https://radioerft.de
118994946,Ortmeier Maschinen- und Vorrichtungsbau GmbH & Co. KG,2003-02-06,9367291.88,https://www.h-ortmeier.de
194710216,Packservice PS Kosmetik & Logistik GmbH,2011-01-04,15465265.12,https://www.packservice.com
102479565,Werner J. Barz GmbH Dächer Fassaden Bleche Holz,1982-02-19,1144078.61,https://www.dachdeckerei-barz.com
129457065,Müller Beteiligungs GmbH,1999-12-13,8893.98,https://www.baecker-mueller.de
17767013656,Gebr. Augenstein GmbH,2000-07-11,183670.59,https://www.gebr-augenstein-gmbh.de
179268017,AWG - Adolf Weber Gerüstbau - GmbH,2013-05-13,2045326.52,https://www.weber-gerueste.de
148897555,Altes Gymnasium Husum Hotel GmbH & Co. KG,2006-11-27,7405449.44,https://www.geniesserhotel-altes-gymnasium.de
18315635493,TWS Technologies GmbH,2013-06-10,1654230.86,https://www.tws-technologies.de
135540865,Horst Drescher GmbH & Co. KG,2003-03-24,520725.18,https://www.drescher-zelte.de
159411085,ColorMatch PrePress & IT Solutions GmbH,2007-11-16,4788543.88,https://www.colormatch.org
192203385,Grünewald-Gebrüder Fricke GmbH & Co. KG,1995-12-20,1375841.91,https://www.gebrueder-fricke.de
19096066121,Franz Xaver Steber GmbH & Co.KG,1938-11-10,467571.34,https://www.fxsteber.de
16921343928094764,Parque Solar Ejea 19 SL,,,
101782865,Winand de la Haye GmbH & Co. KG,2004-11-29,601000.74,https://www.delahaye.gmbh
175264966,Artemed SE,2010-08-17,535359238.81,https://www.artemed-akademie.de
138665695,meridian Solarpark XXVIII GmbH & Co.KG,2009-09-22,1674607.9,https://www.meridian-energy.de
12325186678334305,Inversiones Irene SL,,,
148723525,RETAIL DEVELOPMENT GROUP GmbH,1999-11-15,1979707.14,https://www.retaildevelopmentgroup.de
1268548966,GBI Wohnungsbau Sigma GmbH,2014-10-17,,https://www.gbi.ag
16585092073560415,Diamantes Grasos Extremeños SL,,,
12395441524,Elmer Immobiliengesellschaft mbH & Co.KG,2001-03-07,21599564.36,https://www.elmer-immobilien.de
164817665,Asal Mode & Textil GmbH,1992-10-01,1776312.92,https://www.mode-asal.de
161316655,DHD audio GmbH,1998-12-14,17021154.0,https://www.dhd.audio
119093555,Grün8 GmbH,2001-07-31,418845.81,https://www.gruen8.de
111700885,Benefice Cafe GmbH,2009-08-20,269932.43,https://www.benefice-cafe.de
19285678224,Sägewerk Schröpfer GmbH & Co. KG,2006-05-15,3902263.57,https://www.saegewerk-schroepfer.de
178674265,IIM GmbH,1995-01-16,279152.57,https://www.iim.de
173272555,Centrum Film Investment GmbH & Co. KG,2006-11-29,589309.83,https://www.centrum-group.de/de/
139652065,Schüßler Verwaltungs GmbH,1993-11-10,223801.86,https://www.schuessler-transporte.de
160769865,RB Meßwerkzeuge GmbH,1995-05-04,12012696.6,https://www.rb-messwerkzeuge.com
16946018009734006,Glaziers Vidrio Distribuciones SA,2016-11-17,,
16106618516260165,Alfred Amler,,,
190053108,Redelbach Bauunternehmung GmbH,1978-03-31,2503387.3,https://www.redelbach-bau.de
166705456,Lebensbaum - soziale Hilfen GmbH,2012-02-16,2593655.95,https://www.lebensbaum-naumburg.de
112942145,Stadt-Art Hausverwaltungsgesellschaft mbH,1996-02-23,67269.45,https://www.stadtart.de
10865145478327376,Soluciones Electricas Marbella SL,,,
19606463795,Netmilk Studio Sagl,2014-02-13,,
186912455,Hubert Uphaus GmbH,2006-05-04,1246977.99,https://www.galabau-uphaus.de
113364585,SEKO - Sedlmaier GmbH,1985-07-23,2453756.08,https://www.offroad-seko.de
11876433311,Hoffmeier Industrieanlagen u. Verwaltungs-GmbH,1978-09-28,753351.77,https://www.hoffmeier.de
187820155,Aktiv Sport-Fitness GmbH,1998-05-20,335650.81,https://www.aktiv-sport-fitness.de
1080571639,ANW - Agrarmanagement Nord-West eG,2015-03-25,3234507.77,https://www.fekana.de
15315475211,Schweißguth Catering GmbH,2015-09-11,2935302.09,https://www.partyservice-schweissguth.de
19757287311,Monscheuer GmbH,1981-03-24,15316574.74,https://www.monscheuer-nfz.de
10447949211,Willm GmbH,1987-02-25,4150203.26,https://www.willm-service-emmendingen.de
158302975,Gelder & Sorg GmbH & Co. KG.,1999-12-30,175987840.59,https://www.volkswagen-service-gelderundsorg-ebern.de/de.html
170588265,Servicegesellschaft am Klinikum Ernst von Bergmann mbH,2005-12-30,29117502.97,https://www.servicesevb.de
18887728563159166,European Options SL,,,
1711597288,FAMERICON GmbH,2015-02-26,1963003.46,https://www.famericon.de
142393925,Eigner Bauträger GmbH,1979-06-26,701994.49,https://www.eigner-noerdlingen.de
152298085,Dachdecker Meisterbetrieb Ehrenberg GmbH,2004-03-24,349265.59,https://dachdecker-ehrenberg.de
198174585,Kessels Prüfwerk GmbH & Co. KG,2007-01-04,19173316.92,https://www.kessels.de
11340997656,Bevision Media UG,2021-05-17,,https://www.bevision-media.de
172267585,IT-Reisebüro Neuenburg GmbH,1995-12-15,444066.58,https://www.it-reisebuero-neuenburg.de
16712409608824236,Memories Life Treasures SL,,,
113251195,CPC Haferkamp GmbH & Co. KG,1983-03-09,23745753.6,https://www.cpcpackaging.com/de/
171767966,Sport Prager GmbH,2011-08-17,64387.05,https://www.sportprager.de
167438455,Röhlich GmbH,1993-01-21,10482210.04,https://www.roehlich-gmbh.de/de
1403587416,Stahlservice Jansen GmbH,2014-12-29,11453057.94,https://www.stahlservice-jansen.de/de/
100510686,Hamo UG,2011-08-04,4004495.02,https://www.hamo-ug.de
172542065,Zwei x H Werbe GmbH,1999-08-06,154487.32,https://www.zweixh.de
127700075,Meyer & Grave -Tischlerei - GmbH,1990-08-24,3456198.68,https://www.meyer-grave.de
14137378311,plaindesigns GmbH,2007-12-21,485528.82,https://www.plaindesigns.com
113627165,Melcer & Medien Agentur für Kommunikation und Werbung Verwaltungs - GmbH,1998-03-16,10110.19,https://www.team-mm.de
143172855,Wohnungsgenossenschaft Saaletal Jena eG,1992-09-21,7258159.45,https://wg-saaletal-jena.de
17867425311,Hörgeräte Kersten Nord GmbH Trockenrasierer-Zentrale,2009-10-01,13425689.49,https://www.hoergeraete-kersten.de
13912275926,Niederhauser D. Gartenbau und Unterhalt,2013-06-07,,
12341166416,Omniscale GmbH & Co. KG,2011-01-12,132452.81,https://www.omniscale.de
108422785,Sporleder Project & Liner GmbH,2008-07-31,789523.28,https://www.sporleder-ship.de
131753275,Fritz Kundner GmbH & Co. KG,1951-03-06,10429106.67,https://www.kundner-kartonagen.de
161468055,GLASMANUFAKTUR Conzelmann GmbH & Co. KG,2003-09-05,1232532.36,https://www.glas-conzelmann.de
145166455,IRON GmbH,2003-02-17,283339.67,https://www.mittelblond-kulturkneipe.de
15385324316,NotTheMainstream GmbH,2020-09-29,283637.53,https://www.notthemainstream.de
109618065,Meesenburg Grundstücksverwaltungsgesellschaft mbH,2004-07-08,71990.2,https://www.meesenburg.com
169899265,Spaleck PT-Verwaltungs-GmbH,2006-08-01,7538.31,https://www.spaleck.de
18097287311,Anton Unterhalt GmbH & Co. KG,1967-01-13,543027.61,https://www.orlen-deutschland.de/DE/Seiten/default.aspx
184452785,Kabelkauf ETH GmbH,1999-04-14,,
186385225,Noor Verwaltungs-Gesellschaft mbH,1972-08-29,63465.38,https://www.noor.eu
194744545,Jansen Immoblilienvermarktungsgesellschaft mbH,2003-04-17,223914.54,https://www.jansen-hausverwaltung.de
16503370943142065,KSD Kanal-Schacht-Dienstleistungen GmbH,2012-01-02,1798103.31,https://www.ksd-koethen.de
11626142311,Teladi Elektroakustik GmbH,2002-11-14,2243648.08,https://www.teladi.de
192746656,biolitec biomedical technology GmbH,2006-03-31,3312569.61,https://www.info-analfistel.de/de/
1010556613,AlphaPicture GmbH,2010-09-20,505275.54,https://www.alphapicture.com/de/
18009584135824235,Mahmoud Issa,,,
111351866,t.a.c. Steuerberatungsgesellschaft mbH,2008-02-19,8774441.83,https://www.ta-c.de
19505214943,Plaza Bielefeld GmbH,2017-05-02,299950.46,https://www.plaza-bielefeld.de
142390275,Rhein-Main Immobiliencenter (RMI) Ltd. & Co. KG,2006-10-24,132384.7,https://www.rmi-center.de
164456695,Fellow Consulting AG,2009-03-19,2055731.27,https://www.fellow-consulting.de
194606935,Gold GmbH.,1983-04-25,2140743.4,https://salon-gold.de
12249622556,Beotec GmbH,2000-09-04,216983.98,https://www.beotec.com
139617865,Kantine und Party Service König GmbH,2004-07-26,1548964.57,https://kantine-koenig.de
124490265,Erste Lebensmittelmarkt Wiewel GmbH & Co. KG,1979-07-16,13591465.64,https://www.wiewel.eu
142338955,Wagner GmbH,1992-01-09,2248194.92,https://www.wagner-hydraulik.com
162067955,Peters & Lange GmbH Dachtechnik,1993-04-23,2612046.37,https://www.peters-lange.de
143735746,Klavierexpress-München UG,2010-03-24,190701.26,https://www.klavierexpress.de
150169855,StadtteilWerkstatt Chorweiler gGmbH,2004-07-30,601236.73,https://www.canyon-chorweiler.de
123905155,Gemeinnützige Ausbildungs- und Beratungsgesellschaft mbH Werdau,1994-02-01,1235159.72,https://www.notfallmedizin-sachsen.de
147443465,Industrievertretungen Andreas Schmied GmbH,1999-09-22,863188.92,https://www.schmiedgmbh.de
148567845,Bechtel & Szilagyi GmbH & Co. KG Kies- und Betonwerke,2006-08-31,15384839.29,https://bechtel-szilagyi.de
158446155,Vereinigte Sicherheitsunternehmen Rheinberg GmbH,2005-03-22,15860872.34,https://www.vsu-vereinigte-sicherheitsunternehmen.de
154326375,XANONEX Vertrieb innovativer Elektronik GmbH,1996-04-18,24099.93,https://www.xanonex.de
14805574011,T. LEIENDECKER HORIZONTALBOHRTECHNIK GmbH,2015-07-28,18304130.96,https://www.leiendecker-hbt.de
16352181334,Quehl Gesellschaft mit be-schränkter Haftung Strassen-und Flugplatzmarkierungen,,,
171751095,Helmich IT-Security GmbH,2003-01-03,8615519.91,https://www.helmich.de
164968375,Trivit AG,1992-12-14,3609468.63,https://www.trivit-ag.de
112367465,IMRO Heinrichs Immobilien & Rohstoffbeschaffungs GmbH & Co. KG,1998-07-13,3077598.02,https://www.heinrichs-gmbh.de
160783475,AMF Werkzeug GmbH,1982-09-23,294991.83,https://www.amf.de/de/
18480954017384706,Piscines del Baix Maresme SL,,,
191671495,PP hospitality services GmbH,2009-04-30,6376514.14,https://party-people.net
181597455,Lüdenscheider Immobilien-Verwaltungsgesellschaft mbH,1977-06-14,146278.38,https://www.livonline.de
12620233926,Lightlounge AG,2011-04-19,,
16560155290166356,IQone GmbH,2011-09-06,28917373.37,https://www.iqone.de
125012455,IT-Lotsen GmbH,2006-10-30,1543333.24,https://www.it-lotsen.de
141894155,pelteko GmbH & Co. KG,2004-12-16,2012344.08,https://www.pelteko.de
12536137905827095,Builder Albozur SL,,,
109501745,Wertz Handelsgesellschaft mbH & Co. KG,1974-01-14,74843249.74,https://www.wertz.de
100550106,Hephata Beteiligungs GmbH,2009-06-29,72.91,https://www.hephata-mg.de/unternehmen
129139675,MPU GmbH Metallbearbeitung Präzisionsteile Umformtechnik,1997-08-28,8711049.78,https://www.mpu-metall.de/de/
161275436,subraum eG,2010-04-27,1885985.78,https://www.subraum.coop
19720700946,Team Hausnotruf GmbH,2021-03-24,,
165558516,ASIMETO Germany GmbH,2009-12-11,592435.16,https://www.asimeto.de/de/
12266171584,Helmut Linnebacher GmbH,1980-02-08,8172156.09,https://www.linnebacher-strassenbau.de
109615465,PTEC - Pressure Technology GmbH,2003-11-20,2925123.32,https://www.ptec.eu
165157979,Life! Verlag GmbH & Co. KG,2001-01-24,3404608.77,https://www.trvlcounter.de
175858975,Linie M-Metall Form Farbe-GmbH,2002-02-21,6578128.08,https://www.linie-m.de
14967762435,JBT Jumbotainer Verpackungs-GmbH,1977-07-11,13159338.16,
168735175,Kluitmann Industrietechnik Handelsgesellschaft mbH,2003-09-03,406421.09,https://www.kluitmann-industrietechnik.de/cms2/
194711116,fotogloria | büro für fotografische zusammenarbeit GmbH,2010-10-12,95912.5,https://www.pickitup-project.com
186859584,dinotec GmbH,2001-08-27,15603633.15,https://www.dinotec.de/de/
156384396,DCL GmbH Distribution Crew Logistics,2007-04-18,2899350.8,https://www.d-c-l.de
19607881905,Getränke Brehm GmbH,1989-02-01,1235437.23,https://www.getraenke-brehm.de
198284306,HocoHolz Hofstetter & Co. Holzindustrie GmbH,1984-07-03,43753172.28,https://www.hoco.de/hp457/Vorschaltseite.htm
13991336806,Auto Galerie Rehlingen GmbH,2020-09-11,2200142.14,https://www.autogalerie-rehlingen.de
115164506,SolWo Grundbesitz GmbH,2006-08-16,3943968.0,https://www.solwo.de
11695563231,Pflegedienst T Mertins GmbH,2010-09-28,5113427.2,https://www.pflegedienst-mertins.de/pflegedienst-altenpflege
169704165,Alfred Kron GmbH,1991-01-07,3403387.16,https://www.kron-solingen.de
18883713465088666,Fiseco Ice SA,,,
191255765,Sager & Deus GmbH,2005-09-07,18427875.31,https://www.haustechnik.hamburg
189177376,leon-nanodrugs GmbH,2010-10-14,5824996.01,https://www.leon-nanodrugs.com
18429418099123456,Krause & Simons GmbH,1992-08-06,247986.71,https://www.elektro-k-s.de
162290885,Hotel Huntetal GmbH & Co. KG,1993-06-14,1915986.0,https://www.wildeshauser-hof.de
11335267721,jucknix GmbH,2009-09-11,10898.03,https://www.mymonk.de
117261685,Te-Tronik GmbH Tewes Steuerungstechnik,1988-04-21,1454557.06,https://www.te-tronik.info
172783275,ConSols GmbH,2002-01-28,1817867.04,https://www.consols.de
164230906,DUC IT GmbH,2010-06-17,272072.55,https://www.duc-it.de
157561785,Holzbau Schäfer GmbH,1990-04-02,6805184.82,https://www.holzbauschaefer.de
197078845,Autohaus Schürer Verwaltungs GmbH,1998-01-08,310871.79,https://www.autohaus-schuerer-diessen.de/de.html
168851275,Jöhle GmbH,1986-02-17,3036684.18,https://www.joehle.de
10729226115,AYYO ENERGIE GmbH & Co. KG,2000-02-21,92023.63,https://www.ms-energie.de
15845723561,Vielseitig NRW GmbH,2016-05-20,477893.38,https://www.vielseitig-nrw.de
131994545,Regiowerk GmbH,2007-02-20,7282100.66,https://www.regiowerk-gmbh.de
1210513139,made for science GmbH,2015-03-11,835615.3,https://www.made-for-science.com
1842599411,Cobus Real Estate GmbH,2014-05-07,2511995.72,https://www.cobus-gmbh.de
17087956121,Samacri GmbH,2016-01-07,2771969.55,https://www.wollmaerkte.de
165394965,Dihse GmbH,1987-03-06,16664555.47,https://www.dihse.de
135760655,Bildungsakademie Ruhr GmbH,2006-04-26,1345400.84,https://www.ba-ruhr.de
11344977224,RothChild Fotomodellagentur GmbH,1993-02-03,56020.49,https://www.rothchild.de
11411504381,IPREA GmbH,2011-08-01,436277.39,https://www.iprea.de
11554425956,WKA Elstertrebnitz Verwaltung GmbH,2011-05-06,8970.73,https://www.wka-etr.de
177287595,Josef Knöferl GmbH,2009-12-15,4692626.39,https://www.josef-knoeferl.de
18081951835,Die Metallbauer GmbH M. Westermann,2000-02-17,590459.21,https://www.diemetallbauer.de
154296155,M-CAB GmbH,2001-08-28,1238388.8,https://www.m-cab.de
17405398312,Art Caffe GmbH,2016-08-09,53201.37,https://www.art-caffe.de
160953285,"Bodo Wulf GmbH Sanitär-, Heizungstechnik und Klempnerei",2016-03-24,2444441.44,https://www.bodo-wulf.de
165155185,Thier Metalltechnik GmbH & Co. KG,2007-05-24,107360.91,https://www.thier-metalltechnik.de
111083966,SOWERO GmbH,2011-07-07,9069836.0,https://www.sowero-direkt.de
11058302021,Göbel Energie- und Umwelttechnik Service GmbH,2015-12-11,2857802.56,https://www.goebel-technik.de/index.html
173804376,Muhsau Kindl lngenieurgesellschaft mbH,2013-07-19,803018.34,https://www.muhsau-ig.de
10964572945,Konzept Baupartner GmbH,2016-09-07,127939.44,https://www.konzept-massivbau.de
188384085,Giesinger Biermanufaktur & Spezialitäten Braugesellschaft mbH,2007-09-04,47512062.88,https://www.schaenke.de
19035002612,Sollido Controls GmbH,2016-08-12,2466404.77,https://www.sollido.de
109459265,FULFILLMENT - Mail- u. Marketing GmbH,2000-12-21,6771141.07,https://www.mail-marketing-service.de
152002785,Spinnerei Betriebsgesellschaft mbH,2008-01-29,277265.51,https://www.spinnerei.de
12536722800252774,Negocio Autonomo SL,,,
12294726285,Etscheid GmbH,2020-05-18,4871899.12,https://www.etscheid.de
1600520998,K & K Wärmetechnik GmbH,1994-02-09,2539731.31,https://www.kuk-waermetechnik.de
114950895,Schwarz Beteiligungs GmbH,2009-10-14,428198.92,https://www.schwarz-transporte.de
156418985,Koch Industrieböden GmbH & Co. KG,2009-01-20,6086080.45,https://koch-industrieboeden.de
17327630484,Pusch & Co. Elektro-GmbH,1990-07-23,1084530.21,https://www.pusch-halle.de/referenzen/elektro/
134615486,AWO BeWo gGmbH,2012-07-24,63094.5,https://www.awo-bonn-rhein-sieg.de
14640346896248125,Esferia Business Plan SL,,,
13335698123,GMW Gesellschaft für Mittelstandsberatung und Warenhandel mbH,2017-01-27,,https://www.gmw-warenhandel.de
10008803598036125,Gaitero Arana Escayolas SL,,,
153544317,E.S.B. Energetische Sanierung & Bautenschutz GmbH,2012-06-14,372856.55,https://www.esb-nord.de
102921176,Thinkhalle Verwaltungs GmbH,2013-03-04,6203.63,https://www.thinkhalle.de
18823600735,Grüntal Reisen UG,2014-04-29,348911.35,https://www.gruental-reisen.de
18617000867775256,Credit Life & DEVK Vermittlungs GmbH,2002-04-22,13722380.62,https://www.creditlife.net/de/de/spezialist-fuer-absicherung-von-zahlungsverpflichtungen.html
114967776,Animus Kranken- und Intensivpflege GmbH & Co. KG,2008-02-21,2829159.6,https://www.animus-intensivpflege.de
16716853910970015,Sais y Qaba Construcciones y Reformas SL,,,
12501638556,Haller Gartentreff GmbH & Co. KG,1993-07-15,1524916.7,https://www.haller-gartentreff.de
11217502194,Barfuß-Grundstücksverwaltung UG,2018-10-23,,
142521466,CMA-Soft GmbH,2012-07-18,27480.82,https://www.cma-soft.de
138643915,RS Gastronomie-Service GmbH,1998-01-22,814165.79,https://www.rs-gastronomieservice.de
147166695,Haupt cnc production GmbH,2009-01-05,964650.68,https://www.haupt-cnc.de
141038065,DKS Dienstleistungsgesellschaft für Kommunikationsanlagen des Stadt- und Regionalverkehrs mbH,1970-10-16,12715592.15,https://www.dks-koeln.de/German/Website%20DKS-Koeln/
15569751716,PM-Tech SA,2014-01-20,,
136772475,Himmler Bauzentrum Verwaltungs GmbH,2004-09-01,77757.56,https://www.himmler-bauzentrum.de
10759573356,E.M.H. Handelsgesellschaft mbH,,,
108098684,A.C. Orth & Orth GmbH,2002-04-26,66553.81,https://www.wohntraumwerker.de
158460455,Mediason - medizinisch diagnostische sonographie GmbH,2004-02-05,3070174.86,https://www.mediason.de
12345156805,Alt Madlitzer Mühle Dienstleistungsgesellschaft mbH,1996-04-01,6716.63,https://www.brune-gruppe.de
161552585,STF-Holterman GmbH,2004-12-30,26835351.86,https://www.stfholterman.de
179866476,Banuat Verwaltungsgesellschaft mbH,2012-02-08,1198308.73,https://www.moebel-banuat.de
199595465,DONAU ONLINE GmbH,1996-10-31,685833.45,https://www.mittelbayerische.de
16503984319076365,Costfer 2006 SL,,,
194409845,Kozica - Reisen GmbH,1985-03-05,3869319.74,https://www.kozica.de
167806655,KRONE Ingenieure GmbH,1998-08-21,15420842.13,https://www.ibkrone.de
120156975,Asedi Gesellschaft Landwirtschaftlicher Dienstleistung mbH,1999-05-20,4077601.54,https://www.mbr-sha.de
160529055,die vernetzer Gesellschaft für digitale Dienste mbH,2006-10-06,695019.54,https://solingen-live.de
132658085,Ostseebau-Nord GmbH,2006-02-08,447703.76,https://www.ostseebau-nord.de
14725302423,Krannich Solar Europa GmbH,2017-02-06,1780765.49,https://www.krannich-solar.com/de-de/
122052775,Automaten-Betriebsgesellschaft Monaco für Spiel- und Unterhaltung mbH,1999-04-28,393571.97,https://www.monaco-automaten.de
160685955,Karl Nies GmbH & Co. KG,1969-03-19,545467.21,https://www.nies-heizungsbau.de
130925645,TeeDeli GmbH Düsseldorf,2008-01-03,1631025.11,https://www.teedeli.de
123432765,Minova Bau Ausführung- und Baubetreuung GmbH,2003-08-27,333906.18,https://www.minova-bau.de
163173055,Schindele Handels-Beteiligungs-GmbH.,1966-09-06,293372.45,https://www.schindele-handel.de
185873455,project partners management GmbH,2001-03-09,3607619.77,https://www.project-partners.de
105466705,AWO Pflege und Betreuungs gGmbH,2003-02-11,18175265.58,https://www.awo-mulde-collm.de
17099656384,Compagon GmbH & Co. KG,2011-07-12,469628.78,https://www.compagon.com
110137515,GreenGas Rathenow Verwaltungs GmbH,2007-12-27,29183.15,https://www.greengas-rathenow.de
176577655,MZS Metall-Zaun-Stahlbau Verwaltungs GmbH,2006-07-13,104685.83,https://mzs-24.de
169253666,LIXXIL GmbH,1995-03-13,352554.03,https://www.lixxil.de
179908965,Quantum acompa GmbH,2001-07-06,486164.64,https://www.quantum-acompa.de
143100546,Broschüre Niedersachsen Verlag GmbH,2010-09-15,94581.19,
188416375,inoxio Quality Services GmbH,2007-04-18,329551.8,https://www.inoxio.de
18215738384,Püschel GmbH & Co. KG Gastronomie- und Großküchenausstatter,1992-10-30,3258207.98,https://www.pueschel-gastro.de
12305361901,Helmut Zeimke UG,2015-06-25,46437.68,https://www.zeimke-balingen.de
182709055,NIVUS GmbH,1979-03-16,48955483.98,https://www.nivus.de/de/
150356255,Fritz Tresor Transporte GmbH,2003-12-22,1469955.17,https://www.tresorprofis.de
14895470003257216,Libreria Joker SL,,,
12781532478593406,Frutas y Verduras Bernardo Hidalgo SL,,,
129165795,Hufnagel Verwaltungsgesellschaft mbH,2009-12-11,23908.21,https://www.ing-hufnagel-hh.de
17507128161,Ralf Bücking GmbH,1989-04-04,406429.56,https://www.jump-sale.de/buecking/
193653925,Siegle + Epple GmbH & Co. KG,2005-08-30,226467415.47,https://www.siegleundepple.de
12302311697798555,Artkilats International SL,,,
140218655,Pace Media Development GmbH,2002-12-06,1469153.98,https://www.cuba-broadcast.com
19185531343,KTD Klimatechnik Deutschland GmbH,2017-04-13,,
149495185,rsb-Schulung UG,2009-09-11,128163.44,https://rsb-schulung.de
105342006,Zimmerei Bremehr GmbH,2001-11-20,853532.1,https://zimmerei-bremehr.de
10869760812859094,Fusion Prat SL,2015-01-15,,
124797465,Constantin Music Verlags-GmbH,1984-11-27,877100.24,https://www.constantin-film.de
16564318278303765,Global AAE SL,,,
17684782036,Magic Nails H. Eichelberger,1986-01-22,,
186512175,SPIRO Sachs GmbH,2003-10-30,908153.87,https://www.spiro.de
104158165,Sven Kleinwächter GmbH,2004-06-29,574119.43,https://www.sven-kleinwaechter.de
15901616224,Fernsehen Radio Elektro Wilhelm Kölfen Inh. Holger Johnen,1966-08-02,,
191248946,SPS Energie GmbH,2010-12-30,609746.83,https://www.sps-energie.de
125576436,Examcert Ltd.,2011-02-16,15556.35,https://www.examcert.de
156090155,BBT Transaction & Valuation GmbH,2006-12-18,108703.86,https://www.bbt-transaction.net
183255417,Autohaus RIFBERG GmbH,2013-11-26,14938007.0,https://www.autohaus-rifberg.de
102395275,Schumann Project GmbH,2005-09-29,15132006.81,https://www.schumann-ak.de
14608844795728405,Hola YA VOY SL,,,
16142163689832664,g.o.y.a. Janauschek Ziviltechniker KG,,,
12388335926,Autorevue Simone Pietro,2007-10-29,,
136949876,Auto Siebert Service GmbH,2012-11-28,4509559.35,https://www.ford-siebert-gross-umstadt.de
10800599109763146,Almacenes Linea Tres SAL,,,
144176395,Geoscience Consulting GmbH - Altlasten & Planung,2009-07-06,552232.24,https://www.altlasten-planung.de
192499784,Planungsgesellschaft Haustechnik Stege GmbH,2004-02-12,308402.01,
145000665,Lifestyle Verlags- Werbe- und Medien GmbH,2003-06-26,399483.8,https://www.11er-online.de
106965885,ExxonMobil Pensions-Verwaltungsgesellschaft mbH,2007-10-30,34855.8,https://corporate.exxonmobil.de
12361419758824655,Paolo-Valentina SL,,,
14626720795,Bar Dancing Oase Gasser Rastegorac & Co.,2006-06-09,,
159266485,WDT - Werner Dosiertechnik Verwaltungs GmbH,2006-01-25,97225.16,https://www.werner-dosiertechnik.de
150272955,UTS Gesellschaft für Umwelttechnik - Filtersysteme Beratung - Vertrieb mbH,1989-11-23,1031570.75,
16305245924,Walter Jacobs,1963-02-27,,
12895531524,Willi´s Autohof Verwaltungs GmbH,2007-01-19,116365.92,https://willisautohof.de
10756951333,Kavun Objekt GmbH,2017-03-09,896553.01,https://www.kavungruppe.com/GermanPages/index.php
11899839211,Halberstädter Wertstoffhandel & Containerdienst GmbH & Co. KG,1996-11-12,4109249.31,https://www.hbs-container.de
11405189881,Palmira Management GmbH,2016-07-05,4681547.27,https://www.palmira-capital.com/de/
13317361835,Wärmetechnik Bell & Rost GmbH,1990-11-05,1449145.43,https://www.heizung-kamine.de
10426282869741346,Joan Espona Construccions SL,,,
18585679713,Labor am Klinikum Neustadt GmbH,2005-05-19,1166528.81,https://www.fennerlabor.de
10829809642216125,Baccara Handels AG,,,
108224355,VIERLING Holding GmbH & Co.KG,2000-10-30,4764310.04,https://www.vierling.de
114291476,Ristorante La Vita GmbH,2011-02-03,480742.11,https://www.lavita-ristorante.de
122156755,Yamaichi Electronics Deutschland Manufacturing GmbH,2005-12-15,26986234.66,https://www.yamaichi.de
118646076,Krauel & Kock GmbH & Co. KG,2009-12-23,2059542.11,https://www.krauel-kock.de
18168261624,Väth Baustoffe GmbH,1969-02-13,,
130415065,Pro Life GmbH,1999-03-26,16555594.2,https://www.wof2go.de
198685355,Dr. Sempf Schlauchleitungen GmbH,2003-09-22,244565.29,https://www.sempf-schlauchleitungen.de
139898575,FB Lifestyle Group GmbH & Co. KG,2008-01-28,10739816.75,https://www.fb-lifestyle-group.de
104950646,VIB Makler GmbH,1995-08-22,86471.83,https://vib-makler.de
18647630484,KFV Bickelmann GmbH,2000-04-13,1587896.53,https://www.kfv-bickelmann.de
128916075,hmd-Software-AG,1995-10-24,10845369.77,https://www.hmd-software.com
180004065,Stadtbau GmbH Dachau,1998-02-10,14143807.45,https://www.stadtbau-dachau.de/index.php
19236990971,House of Flames Ulm GmbH,1999-08-03,12870595.08,https://www.house-of-flames.com
134887375,Bender und Göttmann GmbH,2003-02-24,72115.23,https://bender-goettmann.de
168037276,Asseco Solutions AG,1999-04-14,41270341.99,https://www.applus-erp.de
176357556,ergologika Computer GmbH,1991-11-29,416501.14,https://ergologika-computer-gmbh.stocksfloor-vs.de
184403915,Flack Verwaltungs-GmbH,2005-08-02,10538.87,https://www.holzbau-flack.de
135151096,RZL Rene Zumach Leipzig UG,2013-08-21,,
176793285,tat.sache GmbH,2008-09-09,505363.05,https://www.studiotatsache.de
123338985,Ezel Bauunternehmung Sindelfingen GmbH,1999-09-30,,
17026804311,Polley Transportgesellschaft mbH.,1978-07-03,2202381.42,https://www.polley-transporte.de
171445455,ROSTOW Erschließungs- und Vertriebs GmbH,1996-05-03,4331314.6,https://www.rostow-massivhaus.de
16332471049302635,Phone & Click SL,,,
147109055,Dzillum GmbH,1992-02-24,1684648.31,https://www.dzillum-gmbh.de
1550521571,3BI-Haustechnik GmbH,2010-05-07,1495789.09,https://www.3bi-gruppe.de
108336575,Engel & Strenge Hochbau GmbH,2007-08-06,115563.21,https://www.hochbau-service.de
170437936,Brühl Stiftung gemeinnützige GmbH,2010-08-30,195519.74,https://www.bruehl-stiftung.de
154540655,Krammer Verlag Düsseldorf AG,2002-02-06,778660.38,https://www.krammergroup.com
118324975,Therapiehaus Nusse GmbH,2003-01-08,1007315.52,https://www.therapie-sh.de
110305755,Bierschwale Dachdeckermeister GmbH & Co. KG,1992-04-23,1552300.32,https://www.bierschwale-dachdeckermeister.de
14207900229518965,"Caixabank Electronic Money, EDE SL",,,
162454645,Christian Heckmann GmbH & Co. KG,1946-03-16,3506003.01,https://www.christian-heckmann.net
12747862184,Sanitätshaus Zuber GmbH & Co. KG,2018-07-20,701291.52,https://www.sanitaetshaus-zuber.de
12616299335,Leitungsbau Nord GmbH,2000-04-06,16224154.25,https://www.leitungsbau-nord.de
149954906,G.L. IMMO Verwaltung GmbH,1998-04-02,337569.12,
18653378772161636,Restaurantes Araceli SL,,,
199625576,CAMP24 check-in GmbH,2012-12-14,23130.66,https://www.exxbags.de/de/
113969365,Müritz Seeromantik GmbH & Co. KG,1993-03-10,4298539.32,https://www.mueritz-seeromantik.de
150117405,Dr. Kannt International Management Support GmbH,2007-01-26,135416.27,https://www.kannt.com
197605405,Modul Projektmanagement GmbH,1995-12-05,294250.35,https://modul-projekt.de
17975923861,BEhotel GmbH,2016-05-30,3850511.23,https://www.hofbergmuehle.de
166191665,Spedition Gerhard Siebel GmbH,1983-08-03,18811481.8,https://www.spedition-siebel.de
148129655,Reiplinger Verwaltung GmbH,2003-11-05,15591.08,https://www.reiplinger.com
10867426872347615,Fahrner Automotive Logistics GmbH,2015-10-26,3763781.36,https://www.fahrnerlogistics.com
10617904511,Superfly Air Sports Hannover GmbH,2015-11-13,4214930.96,https://www.superfly.de/hannover
14663388176512225,Proyectos Mogregon SL,,,
171317805,Motus Sitzmöbel GmbH,2008-07-17,380785.27,https://www.motus-sitzmoebel.de
114091985,"msg technologies GmbH Gesellschaft für computergestütze Verfahrenstechniken der Telekommunikation, der Bildverarbeitung und des Rechnungswesens",1991-08-12,411205.68,https://www.msgtech.de
159228255,I. Mai Autohaus GmbH,1997-08-14,5078764.55,https://www.autohaus-mai.de
112824765,Biovegan GmbH,1997-11-14,40865926.01,https://www.biovegan.de
166097155,Häffner-Bräu GmbH,1974-01-31,1179723.17,https://www.brauerei-haeffner.de
15397609995,Jacquet Atelier de Signalétique Sàrl,2010-03-25,,
172581555,Airmat Wickeltechnik GmbH,1976-02-09,2301528.47,https://www.airmat.com/de
10691621224,Eichner Assekuranz Versicherungsmakler GmbH,1986-05-02,170635.92,https://www.eichner-assekuranz.de
10468022561302064,HOB Servicios Juridicos SL,2013-10-14,,
163959185,heysterman consulting GmbH,2003-02-17,3180179.73,https://www.heysterman-akademie.de
13405224011,Singularitech GmbH,2015-08-04,3047018.31,https://www.singularitech.net
169576485,Reulbach Metallbau GmbH,1994-01-25,3078065.79,https://www.reulbach-metallbau.de/firma.html
142959365,Vetter & Fecht GmbH,2006-11-21,9892.22,https://mainsite.vetter-und-fecht.de
15770232311,Modellhaus Maeker unter den Arkaden am Tegernsee GmbH,1976-11-25,2024949.12,https://www.mode-maeker.de
188707805,BASKETBALL LÖWEN Braunschweig GmbH,2007-08-30,2974920.66,https://basketball-loewen.de
10278130414679085,RIO Verde Carton SA,,,
16877604431,Sitex Service GmbH,2006-09-08,10753666.24,https://www.sitex.de
14665015673156075,Recursos de Dependencia SL,2019-06-13,,
12646969484,Azemi Bau GmbH & Co. KG,2013-03-14,11886072.22,https://www.azemi-bau.de
180207355,Hunger Schleifmittel GmbH,1979-05-31,901205.81,https://www.hunger-dichtungen.de/de/home
147862085,Finanzbüro AFB - Vermittlungs GmbH,2000-05-11,66605.36,https://www.finanzbuero.de
16027482434,IGT Ing.-Büro Wirl GmbH,2018-01-10,1244001.13,https://www.igt-wirl.de
111394217,Quaterra Immobilien GmbH,2011-11-28,222638.52,https://www.quaterra.immobilien
130995216,Premium Reisebüro GmbH,1990-02-20,993218.12,https://www.premiumreisebuero.de/site/startseite/
14222502958632045,K & M Computer GmbH,2015-10-19,37399946.54,https://www.kmcomputer.de
15470734626,Atlantic Food Labs Co-Invest I GmbH & Co. KG,2020-12-01,9663563.33,https://atlanticlabs.de
10409952308549984,Rudolf Stuhl GmbH & Co. KG,,,
17320073205,SRiPLEX Holding GmbH,2018-11-23,2402373.37,https://www.sriplex.com
18484127894904994,Servinmo Pineño SL,,,
1821511696,Haus im Park GmbH & Co. KG,2015-02-02,2194353.29,https://www.haus-im-park.net
126648455,FWU Ingenieurbüro GmbH,1990-06-11,436989.36,https://www.fwu-ib.de
136284375,Kaufring-Kaufhaus GmbH & Co. KG,1977-12-12,10958148.59,https://www.kaufring-weil.de
194146375,EEW-Protec GmbH,1990-07-26,10200642.67,https://www.eew-protec.de?lang=de
14629358131271026,Sejumar 4 SL,,,
180106985,Astro Motoren Beteiligungs GmbH,2010-02-01,2889.79,https://www.astro-motoren.de
17000701184,Connect IT Services GmbH,2001-01-09,173122.97,https://www.its-sha.de
116453575,Werkzeugbau Dieter Weihrauch GmbH,1997-05-27,1588889.75,https://www.werkzeugbau-weihrauch.de
105259285,ICS Arztsysteme Burgert GmbH,1990-08-07,1492222.03,https://www.ics-arztsysteme.de
17715140701,JAKOBSBERG HOTEL- & GOLFRESORT GmbH,2014-11-06,5585596.56,https://www.jakobsberg.de
191137265,Holzbau Peter Krampe GmbH & Co. KG,2003-05-05,1057323.28,https://www.krampe-holzbau.de
14257002736,AAB Asset Services GmbH,2016-07-28,653471.23,https://www.aab-as.de
105320355,Ducherower Agrar-GmbH & Co. KG,1991-12-05,35985765.52,https://www.ducherow-agrar.de
177271255,Mitteldeutscher Verkehrsverbund GmbH (MDV),1998-05-18,1966680.81,https://www.mdv.de
182726176,Centro Hotel GmbH & Co. KG,2013-06-11,9867565.57,https://www.centro-hotels.de
11605367622,Sensus Communis UG,2016-08-23,100502.18,https://www.sportsclub-bovenden.de
11740303895,Baer Engineering AG,1990-09-06,,
117168055,CPC - The Profiling Company GmbH,1997-07-11,762658.73,https://www.profiling-company.de
150103856,Eschke Bestattungsfuhrwesen GmbH & Co.KG,1982-02-25,3330391.11,https://www.bestattungsfuhrwesen.de
169849017,conwert Kirchsteigfeld 14 GmbH & Co. KG,2008-01-16,2044573.82,
102653166,Team 4 Building GmbH,2011-05-09,347487.72,https://www.team4building.de
146650975,BV Bauträger und Immobilien GmbH,2004-10-21,75534.0,https://www.hv-immobilien.de
11275697311,Grote HiFi-Video-TV und Service GmbH,1978-06-15,1113563.79,https://www.grote-service.com
139460085,Pflegeschule Dortmund-Süd und Schwerte gGmbH,2005-09-15,741117.39,https://www.pflegeschule-dortmund-schwerte.de
106993765,CUX - GS Projekt GmbH,2001-09-19,2046539.46,https://cux-gs-projekt.de
182912045,Matthiesen & Warnt Verwaltungesellschaft mbH,1979-11-19,8004.56,https://www.matthiesen-warnt.de
134681076,Gebrüder Flechsig Bau GmbH & Co. KG,2009-12-10,1613928.64,https://www.bau-flechsig.de
145562195,Malerbetrieb Winkel & Koch GmbH,1992-05-26,219763.96,https://winkelundkoch.de
133406946,Sachsen Incoming GmbH,2009-12-22,2115584.64,https://reiseportal.sachsen-incoming.com
165767865,Henzler Datentechnik GmbH & Co. KG,2001-06-20,226540.72,https://www.henzler.de
14821656871,CMS Deutschland GmbH,2002-11-04,961272.0,https://www.cms-oilcare.de
14305609924,TOYOTA BOSHOKU EUROPE N.V. MUNICH BRANCH,2014-05-26,,
142638965,Stefan Scho Verwaltungs-GmbH,2006-12-19,128351.19,https://www.reifenscho.de
155915305,Werner Dorsch GmbH,2006-07-28,20370064.17,https://www.wedo.de
18678064812779305,BE. Project SL,2010-08-19,,
18305930111,Bernhard Glasreinigung GmbH,2015-08-13,1607403.29,https://bernhard-gebaeudereinigung.de
180608326,CTR Motorsport GmbH,2003-01-20,,
19837306015,Bau- und Erschließungsgesellschaft mbH,1972-04-05,,
173759547,WAGNER Fliesen Naturstein GmbH,2013-12-20,2488723.65,https://www.fliesen-wagner.de
16374295757087365,Ikiru Kenko SL,,,
199162788,Nexus Capital Advisors GmbH & Co. KG,2014-02-26,504349.09,https://www.nexus-ca.de
14315014111,Stadter Kamintechnik GmbH,2015-08-26,1556332.28,https://www.stadter-kamin.de
101048965,Wolfgang Jürgens Wirtschaftsberatungs- und Treuhand GmbH Steuerberatungsgesellschaft Landwirtschaftliche Buchstelle,1980-06-24,965922.77,https://www.steuerbuero-juergens.de
144825545,Knecht Beton- und Montagebau GmbH,1994-10-26,14201902.01,https://www.knecht.de/de/
131659899,Jovema - Immobilien GmbH & Co. KG,2014-03-19,6153108.13,https://www.jovema.net
181514955,Carrera Consulting u. Engineering GmbH,1989-04-17,1939261.61,https://www.carrera-engineering.eu
178241586,Willm Transport GmbH,2013-01-09,4584877.77,https://www.willmtrans.de
16145661351,mainterra Immobilien GmbH,2002-12-11,2127879.45,https://www.mainterra.de
18227936306,Eckpfeiler Immobilien Nürnberg GmbH,2020-09-03,61465.04,https://www.eckpfeiler.de
166469996,Mea-Living GmbH,2013-10-11,2147166.16,https://www.mea-living.de
198273845,Volksbank Franken eG,2006-05-29,2669453221.21,https://www.volksbank-franken.de
186204185,PACE Aerospace Engineering and Information Technology GmbH,1995-09-26,21983102.49,https://pace.txtgroup.com
172244675,Kellerskopf Event GmbH,2008-08-27,480611.4,https://www.kellerskopf.de
190957686,Medisell UG,2011-04-13,23208.74,https://www.mediprom.de/content.asp
170812045,Fensterbau Rath GmbH,1993-05-24,1620269.82,https://www.rath-fensterbau.de
125400095,Ulrich Verwaltungs GmbH,2009-12-11,131599.58,https://www.autohaus-franken.de
18425407152212375,Mallormex SL,,,
114666175,Neesen Schlüsselfertigbau GmbH,2003-05-16,11477788.06,https://www.hegensdorf.de
105055665,Oetinger Reinigungssysteme und technischer Kundendienst GmbH,1988-02-12,2175613.15,https://oetinger-reinigungssysteme.de
178070185,Kammer GmbH Heizung-Sanitär,1978-02-07,1311746.62,https://www.kammer-varel.de
10965700924,Reichert & Söhngen Holz und Furnier OHG,,,
12939544943033705,quantics plus Management GmbH,2021-07-09,,
16265364556,Blaumeise Immobilien GmbH,2010-06-22,,
122765305,Pro Event GmbH,2009-04-15,259101.17,https://www.pro-event.net
12747753579661516,Parkaire SL,,,
105666785,Swords and more GmbH,2005-08-19,2530571.51,https://www.swords-and-more.de/home.html
112669784,Ingenieurberatung Bröggelhoff GmbH,2002-01-28,2578739.68,https://www.broeggelhoff.de
187761476,Leder Hofmann München-Stadt GmbH,2013-06-26,1991766.99,https://www.leder-hofmann.de
13715094441,M & M Immohyp GmbH,2012-05-22,18039.72,https://www.mm-immohyp-gmbh.de
17437354805,Scheifele Gartentechnik GmbH,1978-12-28,3141863.17,https://www.scheifele.de
17305735091,Just Fit 22 GmbH & Co. KG,2016-07-08,556582.33,https://www.justfit-clubs.de
149111655,Bautec Projektmanagement GmbH,2003-12-01,6859803.32,https://www.bautec-pm.de
179294385,TUBAL Touristikmanagement und Beteiligungsgesellschaft Andreas Lambeck mbH,2006-09-26,418474.17,https://www.tubal-touristik.de
12115522703,Neoception GmbH,2016-12-21,1641133.37,https://neoception.com
16166022841,Zimmermann Beteiligungs-GmbH,2003-03-24,98234.7,https://www.gutsweine.de
18380865826,Andres Muñoz Gallardo,2011-11-17,,
13383530085,ZAPP Zentrum für ambulante pädagogische Projekte GmbH,2012-09-16,3910171.65,https://www.zapp-nrw.de
133771365,Schotterwerk Schneider GmbH,1971-06-21,11790.59,https://www.schotterwerk-schneider.de
10375433192,Metallbau Huber GmbH & Co. KG,2016-12-05,2979726.81,https://metallbau-huber-gmbh.jimdosite.com
15675269865,PEH Parkhotel Egerner Höfe Betriebs GmbH,2020-01-30,6285757.1,https://www.egerner-hoefe.de
125312955,Peikko Deutschland GmbH,1997-06-11,60928006.1,https://www.peikko.de
163899076,AS Beratungs- und Beteiligungsgesellschaft mbH,2012-03-09,,
113099765,ASTA-Holzwerk GmbH,1994-09-15,109153474.96,https://www.asta-holzwerk.de
14466673971,AYTECH GmbH,2006-12-22,124250.19,https://www.aytech.de/cms/
15752542795,Parfico AG,1935-02-08,,
194756455,Wust GmbH,1979-02-02,1384074.94,https://wust-gastro.de
18199168266,HB Verwaltungs GmbH,2021-07-06,,
116353555,SFG Handels-GmbH,1996-10-21,85397.18,https://www.moebel-boss.de
167376945,clever gas GmbH,2006-01-09,528332.74,https://www.clevergas.info
17175291185,RSP Steuerberatungsgesellschaft mbH,2006-01-30,645238.83,https://www.steuerberater-heinsberg.com
141851286,Fischer Industrie- & Wärmetechnik GmbH & Co. KG,2012-12-18,2017315.62,https://www.f-i-w.eu/de/unternehmen/portrait.html
104725405,Brezel Company Berlin GmbH,2010-03-17,2724064.23,https://www.brezel-company-berlin.de/cafe
191675655,Rädlinger primus line GmbH,2001-12-12,53574861.02,https://www.primusline.com/de/
132030475,Börke Bau GmbH,1997-06-26,4779410.99,https://www.boerke-bau.de
121961875,IBM-TGA-GmbH,2003-02-04,5547654.09,https://www.ibm-tga.de
196960495,GNM GmbH,2009-05-15,407295.99,https://www.gnm-lifestyle.de
115160915,DÜVOS Energie- und Haustechnik GmbH,1991-06-10,12112605.75,https://www.duevos.de
155381375,Autohaus L. Bachmair GmbH & Co. KG,2003-11-25,3441008.76,https://www.auto-bachmair.de
160275155,Robotron Bildungs- und Beratungszentrum GmbH,1993-03-05,3877037.13,https://www.robotron-online.de
18467436373761985,Hidalgo Crespin SL,,,
145853856,ISO Asset GmbH,2010-11-09,10548300.89,https://www.iso-gruppe.com/de
164422355,Jugendzentren Köln Gemeinnützige Betriebsgesellschaft mbH (JugZ),2001-10-04,10051757.47,https://www.jugz.eu/jugendzentren/
14245851224,Lift-Manager GmbH,1992-02-28,1819944.08,https://www.lift-manager.de
10215884974364254,Distribuciones Castellanas Comunitarias SL,,,
150917415,Frankenheim Personalberatung GmbH,2002-03-13,86190.29,https://www.frankenheimpb.de
178667655,M IT-Systeme GmbH,2003-10-23,744687.88,https://m-it-systeme-gmbh-digitalization.webnode.page
16397395124,Spezial-Team GIH Gerüstlose Instandsetzung von Hochbauten GmbH & Co. KG,1998-12-01,1025050.28,https://www.spezial-team-gih.com
19650005554,O/R/T/ Studios Frankfurt GmbH,1977-03-15,2280770.85,https://www.ort-online.net/de/
172968845,BONI Wohnungsverwaltungsgesellschaft mbH,1981-02-11,121821.65,https://www.boni-immobilien.de
1800577488,Sport- und Kulturverein Mülheim an der Ruhr e. V.,2015-02-24,,
123087855,Fink-Tögel Verwaltungs GmbH,2003-12-02,127290.83,https://fink-plasma.de
147227475,Zilliken GmbH,2002-11-04,1576456.96,
180679876,Stars2Meet TV UG,2012-05-24,41824.44,https://www.autogrammstunden.info
16923662145007726,Instalaciones Romero Alarcon SL,,,
181475065,milo Verwaltungs GmbH,2005-05-11,363537.67,https://www.die-moeglichmacher.com
120962566,nanoFaktur GmbH,2012-03-20,2869928.97,https://www.nanofaktur.net
184175225,Silcos GmbH,2001-06-06,8630514.37,https://www.silcos.com/de/home
10000882632672064,C. Bechstein Centrum Dresden GmbH,2006-07-13,3214016.84,https://www.pianosalon.de
