domain,category
lossen-fotografie.de,Fotografie
neoception.com,Erbringung von Beratungsleistungen auf dem Gebiet der Informationstechnologie
dsb-erlabrunn.de,Allgemeine Gebäudereinigung
christmann-unternehmensgruppe.de,Managementtätigkeiten von Holdinggesellschaften
hoefs-ristau.de,Zahnarztpraxen
dersolarteur.de,Erbringung von sonstigen Dienstleistungen der Informationstechnologie
der-dienstleister.com,Allgemeine Gebäudereinigung
cine-plus.de,Nachbearbeitung und sonstige Filmtechnik
quality-smile.com,Zahnarztpraxen
boettcher-energie.de,Großhandel mit Mineralölerzeugnissen
federspiel.info,"Vermietung, Verpachtung von eigenen oder geleasten Grundstücken, Gebäuden und Wohnungen"
autoteam-dietzenbach.de,"Handel mit Kraftwagen mit einem Gesamtgewicht von mehr als 3,5 t"
famericon.de,Bau von Gebäuden (ohne Fertigteilbau)
klavierexpress.de,Spedition
klinikum-luenen.de,"Krankenhäuser (ohne Hochschulkliniken, Vorsorge- und Rehabilitationskliniken)"
hmn-wohnungsbau.de,Bauträger für Wohngebäude
fachklinik-enzensberg.de,Ambulante soziale Dienste
mpw-muenchen.de,Eisengießereien
sbs-kranservice.de,Reparatur von sonstigen Gebrauchsgütern
pueschel-gastro.de,Großhandel mit sonstigen Ausrüstungen und Zubehör für Maschinen sowie mit technischem Bedarf
cidpartners.de,Unternehmensberatung
carrera-engineering.eu,Ingenieurbüros für bautechnische Gesamtplanung
afp-berater.de,"Praxen von Steuerbevollmächtigten, Steuerberaterinnen und -beratern, Steuerberatungsgesellschaften"
eurapack-gmbh.de,Herstellung von sonstigen nicht wirtschaftszweigspezifischen Maschinen a. n. g.
spezial-team-gih.com,Garten- und Landschaftsbau
brillenbenkhoff.de,Augenoptiker
notthemainstream.de,Sonstige Softwareentwicklung
studiotatsache.de,Werbeagenturen
publity.de,"Vermietung, Verpachtung von eigenen oder geleasten Wohngrundstücken, Wohngebäuden und Wohnungen"
breitenkamp.de,Einzelhandel mit Antiquitäten und antiken Teppichen
juetro-tkk.de,"Großhandel mit Obst, Gemüse und Kartoffeln"
dachdeckerei-barz.com,Dachdeckerei und Bauspenglerei
haller-gartentreff.de,"Einzelhandel mit Blumen, Pflanzen, Sämereien und Düngemitteln"
m-r-n.com,Sonstige selbstständige Tätigkeiten im Gesundheitswesen
neher.de,Herstellung von konfektionierten Textilwaren (ohne Bekleidung)
ems-motors.de,Elektroinstallation
baumeister-inneneinrichtungen.de,Bautischlerei und -schlosserei
sinit.com,Herstellung von sonstigen Kunststoffwaren
mbr-sha.de,Erbringung von landwirtschaftlichen Dienstleistungen für den Pflanzenbau
krampe.de,Sonstige Verwaltung und Führung von Unternehmen und Betrieben
amserv.de,Reparatur von elektrischen Ausrüstungen
mittelbayerische.de,Verlegen von Zeitschriften
spaleck.de,Sonstige Verwaltung und Führung von Unternehmen und Betrieben
wm-elektronik.de,"Großhandel mit Datenverarbeitungsgeräten, peripheren Geräten und Software"
krohmer-gmbh.de,Mechanik a. n. g.
artronaut.online,Bautischlerei und -schlosserei
wismar-pellets.de,Sonstige Verwaltung und Führung von Unternehmen und Betrieben
spezialtransporte-magdeburg.de,Güterbeförderung im Straßenverkehr
shk-fahrzeugtechnik.de,"Instandhaltung und Reparatur von Kraftwagen mit einem Gesamtgewicht von 3,5 t oder weniger (ohne Lackierung und Autowäsche)"
schaenke.de,Herstellung von Bier
oktat-doener.de,Einzelhandel mit Fleisch und Fleischwaren
jaeger-frese.de,Herstellung von Schrauben und Nieten
kernbohrtechnik-buksmann.de,Baugewerbe a. n. g.
getraenke-brehm.de,Einzelhandel mit Getränken
ptec.eu,"Herstellung von elektrischen Mess-, Kontroll-, Navigations- u. ä. Instrumenten und Vorrichtungen"
plus-pc.de,Erbringung von Beratungsleistungen auf dem Gebiet der Informationstechnologie
mediagruppe-nord.de,Werbeagenturen
odin-ag.de,"Kauf und Verkauf von eigenen Wohngrundstücken, Wohngebäuden und Wohnungen"
borgware.de,Erbringung von Beratungsleistungen auf dem Gebiet der Informationstechnologie
terodde.de,Mechanik a. n. g.
zimmerei-bremehr.de,Zimmerei und Ingenieurholzbau
hpp.com,Architekturbüros für Hochbau
kmcomputer.de,"Einzelhandel mit Datenverarbeitungsgeräten, peripheren Geräten und Software"
vonovia.de,"Vermietung, Verpachtung von eigenen oder geleasten Wohngrundstücken, Wohngebäuden und Wohnungen"
gtaenergy.com,Herstellung von Dampfkesseln (ohne Zentralheizungskessel)
swords-and-more.de,Sonstiger Einzelhandel a. n. g. (in Verkaufsräumen)
ihr-fensterpartner.de,Bautischlerei und -schlosserei
maha.de,Managementtätigkeiten von Holdinggesellschaften
trvlcounter.de,Reisebüros
wiedemann-enviro-tec.de,Sonstige Verwaltung und Führung von Unternehmen und Betrieben
whoohoo.com,Vermittlung von Arbeitskräften
leistenwerk.de,"Herstellung von Holzwaren a. n. g., Kork-, Flecht- und Korbwaren (ohne Möbel)"
ebla.eu,Herstellung von sonstigen Kunststoffwaren
bits-on-the.net,Erbringung von Beratungsleistungen auf dem Gebiet der Informationstechnologie
master-fassaden-geruest.de,Gerüstbau
akabus.de,Bauträger für Wohngebäude
dashandwerk.de,Zimmerei und Ingenieurholzbau
sellcon-polymers.com,Herstellung von Kunststoffen in Primärformen
krankenhaus-land-hadeln.de,"Krankenhäuser (ohne Hochschulkliniken, Vorsorge- und Rehabilitationskliniken)"
info-analfistel.de,Sonstige selbstständige Tätigkeiten im Gesundheitswesen
singularitech.net,Herstellung von sonstigen Erzeugnissen a. n. g.
finanzbuero.de,Tätigkeit von Versicherungsmaklerinnen und -maklern
yamaichi.de,Herstellung von sonstigen elektronischen Bauelementen
team4building.de,Ingenieurbüros für technische Fachplanung und Ingenieurdesign
solid-line.com,Herstellung von sonstigen Kunststoffwaren
speisekarten.com,Restaurants mit herkömmlicher Bedienung
leiber.com,Herstellung von sonstigen Teilen und sonstigem Zubehör für Kraftwagen
jochheim-spedition.de,Spedition
gefahrgut-hiltmann.de,Unternehmensberatung
mueritz-seeromantik.de,Campingplätze
himmler-bauzentrum.de,Großhandel mit Baustoffen und Bauelementen aus mineralischen Stoffen
fxsteber.de,Sonstige Verwaltung und Führung von Unternehmen und Betrieben
saegewerk-schroepfer.de,"Säge-, Hobel- und Holzimprägnierwerke"
t-mueller-baggerbetrieb.de,Vorbereitende Baustellenarbeiten
hoffmeier.de,Herstellung von Maschinen für sonstige bestimmte Wirtschaftszweige a. n. g.
kessels.de,Reparatur von Maschinen
covivio.immo,Verwaltung von Gewerbegrundstücken und Nichtwohngebäuden für Dritte
smt-wertheim.de,"Herstellung von kälte- und lufttechnischen Erzeugnissen, nicht für den Haushalt"
b-r-p.de,"Praxen von Steuerbevollmächtigten, Steuerberaterinnen und -beratern, Steuerberatungsgesellschaften"
mge-gmbh.de,Herstellung von Metallwaren a. n. g.
streit-tga.de,Ingenieurbüros für technische Fachplanung und Ingenieurdesign
pianosalon.de,Einzelhandel mit Musikinstrumenten und Musikalien
expert-personal.de,Vermittlung von Arbeitskräften
jump-sale.de,Garten- und Landschaftsbau
asienpazifik.de,Unternehmensberatung
egerner-hoefe.de,Hotels (ohne Hotels garnis)
schlemmer-drehteile.de,Großhandel mit Werkzeugen und Kleineisenwaren
hw-steuer.de,"Praxen von Steuerbevollmächtigten, Steuerberaterinnen und -beratern, Steuerberatungsgesellschaften"
helwig-transporte.de,Güterbeförderung im Straßenverkehr
mediprom.de,Großhandel mit pharmazeutischen Erzeugnissen
abz-koeln.de,Berufsbildende weiterführende Schulen
roehlich-gmbh.de,Spedition
awo-mulde-collm.de,Sonstige selbstständige Tätigkeiten im Gesundheitswesen
reichlmeier.net,"Gas-, Wasser-, Heizungs- sowie Lüftungs- und Klimainstallation"
mb-bardowick.de,Herstellung von Maschinen für sonstige bestimmte Wirtschaftszweige a. n. g.
soflinxconsult.de,Erbringung von Beratungsleistungen auf dem Gebiet der Informationstechnologie
reifenscho.de,Einzelhandel mit Kraftwagenteilen und -zubehör
gcs-network.de,Erbringung von sonstigen Dienstleistungen der Informationstechnologie
hws.de,"Praxen von Steuerbevollmächtigten, Steuerberaterinnen und -beratern, Steuerberatungsgesellschaften"
orc.de,"Handel mit Kraftwagen mit einem Gesamtgewicht von 3,5 t oder weniger"
krischer-stahlformenbau.de,Herstellung von sonstigen Werkzeugen
reenergy-guester.de,"Großhandel mit Möbeln, Teppichen, Lampen und Leuchten"
ddd.de,Entwicklung und Programmierung von Internetpräsentationen
linus-store.com,Einzelhandel mit Bekleidung
platzmann.de,Oberflächenveredlung und Wärmebehandlung
eckstein-tragetaschen.de,Drucken a. n. g.
nanofaktur.net,"Herstellung von nicht elektrischen Mess-, Kontroll-, Navigations- u. ä. Instrumenten und Vorrichtungen"
its-sha.de,Sonstige Softwareentwicklung
sitex.de,Güterbeförderung im Straßenverkehr
pdmm.de,Unternehmensberatung
vetter-und-fecht.de,Erbringung von Beratungsleistungen auf dem Gebiet der Informationstechnologie
aab-as.de,Sonstige mit Finanzdienstleistungen verbundene Tätigkeiten
sackundpack.de,Einzelhandel mit Sport- und Campingartikeln (ohne Campingmöbel)
interwei.de,Baugewerbe a. n. g.
plan-eta.de,Herstellung von Metallkonstruktionen
kreisbau-kuen.de,"Vermietung, Verpachtung von eigenen oder geleasten Wohngrundstücken, Wohngebäuden und Wohnungen"
joehle.de,Herstellung von sonstigen Kunststoffwaren
packservice.com,"Herstellung von Wellpapier und -pappe sowie von Verpackungsmitteln aus Papier, Karton und Pappe"
zweixh.de,Werbeagenturen
sollido.de,Großhandel mit landwirtschaftlichen Maschinen und Geräten
centro-hotels.de,Hotels (ohne Hotels garnis)
inditec.de,"Messe-, Ausstellungs- und Kongressveranstalter"
ducherow-agrar.de,Gemischte Landwirtschaft
autogrammstunden.info,Unternehmensberatung
kocarek-gmbh.com,Übersetzen
autogalerie-rehlingen.de,"Handel mit Kraftwagen mit einem Gesamtgewicht von 3,5 t oder weniger"
wallcon-rae.de,Rechtsanwaltskanzleien ohne Notariat
zimmerei-schwarz.de,Zimmerei und Ingenieurholzbau
pv-sonne.de,Elektroinstallation
stfholterman.de,"Herstellung von Erzeugnissen aus Beton, Zement und Kalksandstein für den Bau"
schreiber-transport.gmbh,Sammlung nicht gefährlicher Abfälle
baecker-mueller.de,Sonstige Verwaltung und Führung von Unternehmen und Betrieben
die-moeglichmacher.com,Allgemeine Gebäudereinigung
delta-moebel.de,Spedition
artus-gruppe.com,Tätigkeit von Versicherungsmaklerinnen und -maklern
quaterra.immobilien,"Kauf und Verkauf von eigenen Wohngrundstücken, Wohngebäuden und Wohnungen"
leiendecker-hbt.de,"Großhandel mit Bergwerks-, Bau- und Baustoffmaschinen"
wagner-hydraulik.com,Großhandel mit sonstigen Maschinen
festsaal-kreuzberg.de,Erbringung von anderen wirtschaftlichen Dienstleistungen für Unternehmen und Privatpersonen a. n. g.
winkelundkoch.de,Maler- und Lackierergewerbe
made-for-science.com,Sonstige Softwareentwicklung
mm-immohyp-gmbh.de,"Vermittlung von Wohngrundstücken, Wohngebäuden und Wohnungen für Dritte"
intra-sys.de,Erbringung von Beratungsleistungen auf dem Gebiet der Informationstechnologie
carnot-vertrieb.de,Großhandel mit Nahrungs- und Genussmitteln a. n. g.
ibm-tga.de,Ingenieurbüros für technische Fachplanung und Ingenieurdesign
locon.de,Vermietung von Baumaschinen und -geräten
ramboll.com,Ingenieurbüros für bautechnische Gesamtplanung
hofmannprojekt.de,Architekturbüros für Hochbau
uwe-warnecke.de,"Gas-, Wasser-, Heizungs- sowie Lüftungs- und Klimainstallation"
cksa.de,Architekturbüros für Garten- und Landschaftsgestaltung
aytech.de,"Einzelhandel mit Datenverarbeitungsgeräten, peripheren Geräten und Software"
bofferding.de,Herstellung von sonstigen elektrischen Ausrüstungen und Geräten a. n. g.
hbs-container.de,Rückgewinnung sortierter Werkstoffe
westfalia-trailer.at,Sonstige Softwareentwicklung
ibkrone.de,Sonstige Ingenieurbüros
generalcapital.de,Unternehmensberatung
flinc.org,Unternehmensberatung
airmat.com,"Großhandel mit Eisenerzen, Eisen, Stahl, Eisen- und Stahlhalbzeug"
gladis-schwimmbad.de,Bau von Gebäuden (ohne Fertigteilbau)
belz-treppenbau.de,Sonstige Verwaltung und Führung von Unternehmen und Betrieben
wohlenberg-werkzeugmaschinen.de,Beteiligungsgesellschaften
ostseebau-nord.de,Vorbereitende Baustellenarbeiten
gft-boenen.de,Oberflächenveredlung und Wärmebehandlung
m-cab.de,"Großhandel mit Datenverarbeitungsgeräten, peripheren Geräten und Software"
ppe.de,Vermittlung von Arbeitskräften
3bi-gruppe.de,"Fußboden-, Fliesen- und Plattenlegerei, Tapeziererei"
vertriebskick.de,"Großhandel mit Lederwaren, Reisegepäck, Geschenk- und Werbeartikeln"
kardialgut.de,"Großhandel mit medizinischen und orthopädischen Artikeln, Dental- und Laborbedarf"
dvs-group.com,Abfüllen und Verpacken
jw-i.de,"Vermittlung von Wohngrundstücken, Wohngebäuden und Wohnungen für Dritte"
rsw-armaturen.de,Herstellung von Armaturen a. n. g.
angst-getraenke.de,Großhandel mit Getränken
laserkanttechnik.de,"Herstellung von Press-, Zieh- und Stanzteilen"
precimeter.com,Herstellung von sonstigen elektronischen Bauelementen
corte.de,Sonstige Verwaltung und Führung von Unternehmen und Betrieben
stocksfloor-vs.de,Verwaltung von Gewerbegrundstücken und Nichtwohngebäuden für Dritte
lauscherlounge.de,Erbringung von anderen wirtschaftlichen Dienstleistungen für Unternehmen und Privatpersonen a. n. g.
wibatec.de,"Gas-, Wasser-, Heizungs- sowie Lüftungs- und Klimainstallation"
wust-gastro.de,Großhandel mit sonstigen Maschinen
hamburgwork.org,Pflegeheime
lixxil.de,Tätigkeit von Versicherungsmaklerinnen und -maklern
vfs-personalberatung.de,Vermittlung von Arbeitskräften
schwarz-transporte.de,Güterbeförderung im Straßenverkehr
fuerstadvisory.com,Unternehmensberatung
kundner-kartonagen.de,"Herstellung von Wellpapier und -pappe sowie von Verpackungsmitteln aus Papier, Karton und Pappe"
haffmansneumeister.com,Herstellung von sonstigen Erzeugnissen a. n. g.
bechtel-szilagyi.de,"Gewinnung von Kies, Sand, Ton und Kaolin"
art-caffe.de,"Großhandel mit Kaffee, Tee, Kakao und Gewürzen"
diemetallbauer.de,Mechanik a. n. g.
gertler-estates.com,"Vermittlung von Wohngrundstücken, Wohngebäuden und Wohnungen für Dritte"
procura-finanz.com,Sonstige mit Finanzdienstleistungen verbundene Tätigkeiten
intermarkt-thielen.de,"Großhandel mit Obst, Gemüse und Kartoffeln"
bbt-transaction.net,"Sonstige freiberufliche, wissenschaftliche und technische Tätigkeiten a. n. g."
pudel.com,Diskotheken und Tanzlokale
schilling-autohaus.de,"Handel mit Kraftwagen mit einem Gesamtgewicht von 3,5 t oder weniger"
alutec.de,Einzelhandel mit Kraftwagenteilen und -zubehör
emschergrund.com,Verwaltung von Gewerbegrundstücken und Nichtwohngebäuden für Dritte
mevega.de,Oberflächenveredlung und Wärmebehandlung
weyand-gmbh.com,Erbringung von anderen wirtschaftlichen Dienstleistungen für Unternehmen und Privatpersonen a. n. g.
breier.info,"Gas-, Wasser-, Heizungs- sowie Lüftungs- und Klimainstallation"
saferadon.de,Unternehmensberatung
immocontec.de,Bauträger für Wohngebäude
lctax.de,"Praxen von Wirtschaftsprüferinnen und -prüfern, Wirtschaftsprüfungsgesellschaften"
lars-buntrock.de,Allgemeine Gebäudereinigung
m-s-i.de,Sammlung nicht gefährlicher Abfälle
pctutorit.de,Sonstige Softwareentwicklung
autohaus-schuerer-diessen.de,"Handel mit Kraftwagen mit einem Gesamtgewicht von 3,5 t oder weniger"
ibs-engels.de,Erbringung von sonstigen Dienstleistungen a. n. g.
tapetenhalle.de,"Einzelhandel mit Vorhängen, Teppichen, Fußbodenbelägen und Tapeten"
reiplinger.com,Sonstige Verwaltung und Führung von Unternehmen und Betrieben
maeker-gmbh.de,Verwaltung von Gewerbegrundstücken und Nichtwohngebäuden für Dritte
colormatch.org,Drucken a. n. g.
jimdosite.com,Herstellung von Metallkonstruktionen
gmd-architekten.com,Architekturbüros für Hochbau
spinnerei.de,"Vermittlung von Wohngrundstücken, Wohngebäuden und Wohnungen für Dritte"
parisozial-soest.de,Sonstiges Sozialwesen a. n. g.
bautec-pm.de,Baugewerbe a. n. g.
haus-im-park.net,Pflegeheime
bayernprojekt.de,Bauträger für Wohngebäude
wsg-online.com,Sonstige selbstständige Tätigkeiten im Gesundheitswesen
sysmex.de,Herstellung von pharmazeutischen Spezialitäten und sonstigen pharmazeutischen Erzeugnissen
firma-stolz.de,Verwaltung von Gewerbegrundstücken und Nichtwohngebäuden für Dritte
ersrail.com,Erbringung von Dienstleistungen für den Verkehr a. n. g.
jhg-grund.de,"Vermittlung von Wohngrundstücken, Wohngebäuden und Wohnungen für Dritte"
gruental-reisen.de,Reiseveranstalter
stadler-abbruch-gmbh.de,Vorbereitende Baustellenarbeiten
treuhandsozietaet.de,"Praxen von Wirtschaftsprüferinnen und -prüfern, Wirtschaftsprüfungsgesellschaften"
grund-lehrte.de,Personenbeförderung im Omnibus-Gelegenheitsverkehr
riebesell.org,"Vermittlung von Wohngrundstücken, Wohngebäuden und Wohnungen für Dritte"
heizung-kamine.de,"Gas-, Wasser-, Heizungs- sowie Lüftungs- und Klimainstallation"
deekeling-arndt.com,Public-Relations-Beratung
altlasten-planung.de,Ingenieurbüros für bautechnische Gesamtplanung
iputec.de,Herstellung von sonstigen Erzeugnissen a. n. g.
jup-arc.com,Architekturbüros für Hochbau
baustoffmann.de,"Einzelhandel mit Anstrichmitteln, Bau- und Heimwerkerbedarf"
vollrathwasmuth.de,Sonstige Verwaltung und Führung von Unternehmen und Betrieben
kozica.de,Reisebüros
elsi-tec.de,Elektroinstallation
biovegan.de,Herstellung von Backwaren (ohne Dauerbackwaren)
wiko-gmbh.de,Herstellung von Metallkonstruktionen
amd-analysis.com,Ingenieurbüros für technische Fachplanung und Ingenieurdesign
aktiv-sport-fitness.de,Fitnesszentren
gerards-gourmets.de,Großhandel mit Getränken
koch-industrieboeden.de,"Fußboden-, Fliesen- und Plattenlegerei, Tapeziererei"
palmira-capital.com,Unternehmensberatung
unikat-versicherungsmakler.de,Tätigkeit von Versicherungsmaklerinnen und -maklern
tws-technologies.de,"Großhandel mit Datenverarbeitungsgeräten, peripheren Geräten und Software"
wefinance.de,Rechtsanwaltskanzleien ohne Notariat
centrum-group.de,Treuhand- und sonstige Fonds und ähnliche Finanzinstitutionen
wiewel.eu,Sonstiger Einzelhandel mit Nahrungs- und Genussmitteln
iprea.de,"Vermittlung von Wohngrundstücken, Wohngebäuden und Wohnungen für Dritte"
krankenhaus-waldfriede.de,"Krankenhäuser (ohne Hochschulkliniken, Vorsorge- und Rehabilitationskliniken)"
steuerbuero-juergens.de,"Praxen von Steuerbevollmächtigten, Steuerberaterinnen und -beratern, Steuerberatungsgesellschaften"
wka-etr.de,Elektrizitätserzeugung ohne Verteilung
misterlinse.de,Sonstiger Versand- und Internet-Einzelhandel
emdequity.de,Unternehmensberatung
gutsweine.de,Großhandel mit Getränken
hgm-energy.com,Großhandel mit Mineralölerzeugnissen
basketball-loewen.de,Sportvereine
jobpiraten.com,Sonstige Softwareentwicklung
spedition-siebel.de,Güterbeförderung im Straßenverkehr
lufthansa-city-center.com,Reisebüros
andreasscherff.de,Tätigkeit von Versicherungsmaklerinnen und -maklern
maierwalzen.de,Sonstige Verwaltung und Führung von Unternehmen und Betrieben
hs-apparatetechnik.de,Ingenieurbüros für technische Fachplanung und Ingenieurdesign
heysterman-akademie.de,Berufsbildende weiterführende Schulen
cs-zwiesel.de,Erbringung von Beratungsleistungen auf dem Gebiet der Informationstechnologie
hasselmann-wietze.de,"Handel mit Kraftwagen mit einem Gesamtgewicht von 3,5 t oder weniger"
zahntechnik-rw.de,Zahnarztpraxen
flyacts.com,Erbringung von Beratungsleistungen auf dem Gebiet der Informationstechnologie
progressive-mv.de,Verlegen von Musikalien
spielplatzgeraete-maier.com,Herstellung von Sportgeräten
goebel-technik.de,Erbringung von sonstigen Dienstleistungen a. n. g.
mittelblond-kulturkneipe.de,Erbringung von anderen wirtschaftlichen Dienstleistungen für Unternehmen und Privatpersonen a. n. g.
ah-primm.de,Lackieren von Kraftwagen
dhd.audio,Sonstige Softwareentwicklung
ad-ist-gmbh.com,Private Wach- und Sicherheitsdienste
iwn-verlag.de,Verlegen von Büchern
e-biss.de,Elektroinstallation
ing-hufnagel-hh.de,Sonstige Ingenieurbüros
oetinger-reinigungssysteme.de,Großhandel mit sonstigen Maschinen
autowaschcenterimweidig.de,"Gas-, Wasser-, Heizungs- sowie Lüftungs- und Klimainstallation"
iim.de,"Vermittlung von Wohngrundstücken, Wohngebäuden und Wohnungen für Dritte"
goepotec.de,Elektroinstallation
stahlservice-jansen.de,Herstellung von Metallkonstruktionen
hertel-weichert.de,"Handel mit Kraftwagen mit einem Gesamtgewicht von 3,5 t oder weniger"
kfa-hamburg.de,Architekturbüros für Hochbau
don-bau.com,Bau von Gebäuden (ohne Fertigteilbau)
flexikon-gmbh.de,"Herstellung von Press-, Zieh- und Stanzteilen"
mitteldeutsches-institut.de,Berufsbildende weiterführende Schulen
cobus-gmbh.de,Bauträger für Wohngebäude
ktp-generalplaner.de,Architekturbüros für Hochbau
fekana.de,Wirtschafts- und Arbeitgeberverbände
leder-hofmann.de,Großhandel mit Textilien
beka-gmbh.com,Herstellung von Metallkonstruktionen
wne-holding.de,Elektrizitätserzeugung mit Fremdbezug zur Verteilung
oemeta.com,Großhandel mit Mineralölerzeugnissen
nothwang.com,Fleischverarbeitung
fliesen-wagner.de,"Fußboden-, Fliesen- und Plattenlegerei, Tapeziererei"
party-people.net,Erbringung von anderen wirtschaftlichen Dienstleistungen für Unternehmen und Privatpersonen a. n. g.
malte-bauunternehmen.de,Sonstige Verwaltung und Führung von Unternehmen und Betrieben
leuckartpartners.de,Sonstige Verwaltung und Führung von Unternehmen und Betrieben
anlauff-naturstein.de,Be- und Verarbeitung von Naturwerksteinen und Natursteinen a. n. g.
avanzagruppe.de,"Vermittlung von Wohngrundstücken, Wohngebäuden und Wohnungen für Dritte"
naturenergieregiongifhorn.de,Elektrizitätserzeugung ohne Fremdbezug zur Verteilung
smeetsdental.de,Zahnarztpraxen
henzler.de,Unternehmensberatung
buerger-energie-oberharmersbach.de,Elektrizitätserzeugung ohne Verteilung
energy-support.de,Großhandel mit sonstigen Ausrüstungen und Zubehör für Maschinen sowie mit technischem Bedarf
dccargo.de,Güterbeförderung im Straßenverkehr
grossmann-stange.de,Allgemeine Gebäudereinigung
rmi-center.de,"Vermittlung von Wohngrundstücken, Wohngebäuden und Wohnungen für Dritte"
hamo-ug.de,Güterbeförderung im Straßenverkehr
rma-ev.org,Abbrucharbeiten
iqone.de,Sonstige Softwareentwicklung
hephata-mg.de,Beteiligungsgesellschaften
motus-sitzmoebel.de,Einzelhandel mit Wohnmöbeln
herbafood.de,Herstellung von sonstigen Nahrungsmitteln a. n. g.
bender-goettmann.de,"Instandhaltung und Reparatur von Kraftwagen mit einem Gesamtgewicht von 3,5 t oder weniger (ohne Lackierung und Autowäsche)"
ta-c.de,"Praxen von Steuerbevollmächtigten, Steuerberaterinnen und -beratern, Steuerberatungsgesellschaften"
autoglas-spezialist.com,"Instandhaltung und Reparatur von Kraftwagen mit einem Gesamtgewicht von 3,5 t oder weniger (ohne Lackierung und Autowäsche)"
auto-bachmair.de,"Handel mit Kraftwagen mit einem Gesamtgewicht von 3,5 t oder weniger"
schenk-klein.de,"Herstellung von sonstigen Konstruktionsteilen, Fertigbauteilen, Ausbauelementen und Fertigteilbauten aus Holz"
asta-holzwerk.de,"Säge-, Hobel- und Holzimprägnierwerke"
kernandfriends.de,Unternehmensberatung
irmeco.de,Sonstige Verwaltung und Führung von Unternehmen und Betrieben
jw-holding.de,Herstellung von sonstigen Erzeugnissen a. n. g.
fahnenbruck.de,Einzelhandel mit Wohnmöbeln
phobyx.com,Sonstige Verwaltung und Führung von Unternehmen und Betrieben
opture.com,Unternehmensberatung
edeka-niebur.de,"Einzelhandel mit Nahrungs- und Genussmitteln, Getränken und Tabakwaren, ohne ausgeprägten Schwerpunkt"
bsb-software.de,Sonstige Softwareentwicklung
schumann-ak.de,"Herstellung von sonstigen Konstruktionsteilen, Fertigbauteilen, Ausbauelementen und Fertigteilbauten aus Holz"
hofbergmuehle.de,Ferienhäuser und Ferienwohnungen
hotel-residenz-babenhausen.de,Hotels (ohne Hotels garnis)
dm-carservice.de,"Instandhaltung und Reparatur von Kraftwagen mit einem Gesamtgewicht von 3,5 t oder weniger (ohne Lackierung und Autowäsche)"
thinkhalle.de,Sonstige Verwaltung und Führung von Unternehmen und Betrieben
d-c-l.de,Sonstige Softwareentwicklung
hk-acryldesign.de,Herstellung von sonstigen Kunststoffwaren
albealliance.de,Spedition
iso-gruppe.com,Erbringung von Beratungsleistungen auf dem Gebiet der Informationstechnologie
sprute.com,Sonstige Softwareentwicklung
sven-kleinwaechter.de,Sonstige Softwareentwicklung
rt-filter.de,Großhandel mit sonstigen Maschinen
diarec.de,Großhandel mit Werkzeugen und Kleineisenwaren
nwsg.de,Private Wach- und Sicherheitsdienste
leserattenservice.de,Verlegen von Büchern
online-sachsen.de,Erbringung von Beratungsleistungen auf dem Gebiet der Informationstechnologie
e-s-energie-service.de,Interessenvertretungen und Vereinigungen a. n. g.
kannt.com,Unternehmensberatung
dr-kraeusslein.de,"Praxen von Steuerbevollmächtigten, Steuerberaterinnen und -beratern, Steuerberatungsgesellschaften"
austrocknungen.de,Baugewerbe a. n. g.
gemeindezeitung.de,Verlegen von Zeitschriften
azemi-bau.de,Bau von Gebäuden (ohne Fertigteilbau)
bestpark.de,Betrieb von Parkhäusern und Parkplätzen
bluhm-plate.de,Großhandel mit Flachglas
rath-fensterbau.de,"Herstellung von sonstigen Konstruktionsteilen, Fertigbauteilen, Ausbauelementen und Fertigteilbauten aus Holz"
proaquaris.de,Herstellung von sonstigen nicht wirtschaftszweigspezifischen Maschinen a. n. g.
wiesheu.de,Managementtätigkeiten von Holdinggesellschaften
gaestehaus-uni.de,"Vermietung, Verpachtung von eigenen oder geleasten Wohngrundstücken, Wohngebäuden und Wohnungen"
rb-messwerkzeuge.com,Großhandel mit Werkzeugen und Kleineisenwaren
aufzugsdienst.de,Sonstige Bauinstallation a. n. g.
pta-technology.com,Herstellung von medizintechnischen Apparaten und Materialien a. n. g.
mitec-middeldorf.de,Herstellung von sonstigen Erzeugnissen a. n. g.
redelbach-bau.de,Bau von Gebäuden (ohne Fertigteilbau)
aventa.gmbh,Großhandel mit sonstigen Maschinen
elmer-immobilien.de,"Verwaltung von Wohngrundstücken, Wohngebäuden und Wohnungen für Dritte"
hp-massivhaus.de,Bauträger für Wohngebäude
hamacher-wexel.de,"Einzelhandel mit Vorhängen, Teppichen, Fußbodenbelägen und Tapeten"
zenz-metall.de,Mechanik a. n. g.
dicks-tiefbau.de,Sonstiger Tiefbau a. n. g.
willmtrans.de,Spedition
d-k-kunststoff-folien.de,Großhandel mit chemischen Erzeugnissen
misslagotte.com,Einzelhandel mit Bekleidung
heckundgaebele.de,"Praxen von Steuerbevollmächtigten, Steuerberaterinnen und -beratern, Steuerberatungsgesellschaften"
zeller-keramik.de,Beteiligungsgesellschaften
nies-heizungsbau.de,"Gas-, Wasser-, Heizungs- sowie Lüftungs- und Klimainstallation"
mediason.de,Einzelhandel mit medizinischen und orthopädischen Artikeln
hoco.de,Großhandel mit Roh- und Schnittholz
wohntraumwerker.de,Maler- und Lackierergewerbe
autohaus-straus.de,Einzelhandel mit Waren verschiedener Art (ohne Nahrungsmittel)
elsame.de,Elektroinstallation
slomski-zahntechnik.de,Zahnarztpraxen
quantum-capital-partners.com,Unternehmensberatung
weber-gerueste.de,Gerüstbau
ibsm-school.eu,Berufliche Erwachsenenbildung
knop-bauunternehmen.de,Baugewerbe a. n. g.
schmiedgmbh.de,Großhandel mit Werkzeugen und Kleineisenwaren
profiling-company.de,Unternehmensberatung
tierrettung-mittlerer-neckar.de,Interessenvertretungen und Vereinigungen a. n. g.
christian-heckmann.net,Erbringung von anderen wirtschaftlichen Dienstleistungen für Unternehmen und Privatpersonen a. n. g.
webnode.page,Erbringung von Beratungsleistungen auf dem Gebiet der Informationstechnologie
schneider-erdbau.de,Sonstiger Tiefbau a. n. g.
bhl-wohnen.de,Bauträger für Wohngebäude
holzbauschaefer.de,Zimmerei und Ingenieurholzbau
cms-oilcare.de,Großhandel mit chemischen Erzeugnissen
all-logistik.eu,Güterbeförderung im Straßenverkehr
elumatec.com,Beteiligungsgesellschaften
friscoguide.de,Unternehmensberatung
incloud.de,Erbringung von sonstigen Dienstleistungen der Informationstechnologie
kuehl-kran.de,Vermietung von Baumaschinen und -geräten
bio-solar-haus.de,Ingenieurbüros für bautechnische Gesamtplanung
teamescape.com,Erbringung von sonstigen Dienstleistungen a. n. g.
hotel-amaris.de,Hotels (ohne Hotels garnis)
raimund-hohmann.de,"Gas-, Wasser-, Heizungs- sowie Lüftungs- und Klimainstallation"
ort-online.net,Werbeagenturen
strandhuette-agentur.de,Werbeagenturen
mode-maeker.de,Einzelhandel mit Bekleidung
tendenza.com,Sonstige Verwaltung und Führung von Unternehmen und Betrieben
solvimus.de,Sonstige Softwareentwicklung
eigner-noerdlingen.de,Bauträger für Wohngebäude
elektro-k-s.de,Elektroinstallation
zapp-nrw.de,"Stationäre Einrichtungen zur psychosozialen Betreuung, Suchtbekämpfung u. Ä."
buero-objekt.com,Großhandel mit Büromöbeln
trivit-ag.de,Erbringung von Beratungsleistungen auf dem Gebiet der Informationstechnologie
eichner-assekuranz.de,Tätigkeit von Versicherungsmaklerinnen und -maklern
dupontconsulting.de,"Technische, physikalische und chemische Untersuchung"
pusch-halle.de,Elektroinstallation
schotterwerk-schneider.de,Sonstige Verwaltung und Führung von Unternehmen und Betrieben
wagner-industriebedarf.de,"Großhandel mit Rohstoffen, Halb- und Fertigware, ohne ausgeprägten Schwerpunkt"
ics-arztsysteme.de,Sonstige Softwareentwicklung
hup-jugendhilfe-bw.de,Sonstiges Sozialwesen a. n. g.
abc-bruns.de,Großhandel mit landwirtschaftlichen Maschinen und Geräten
bodo-wulf.de,"Gas-, Wasser-, Heizungs- sowie Lüftungs- und Klimainstallation"
haar-id.de,Frisörsalons
ro-we.com,"Herstellung von Seifen, Wasch-, Reinigungs- und Poliermitteln"
amf.de,Herstellung von Maschinenspannzeugen und sonstigem Zubehör für Werkzeugmaschinen
wmgkopierer.de,"Einzelhandel mit Datenverarbeitungsgeräten, peripheren Geräten und Software"
mueller-auto.com,Erbringung von anderen wirtschaftlichen Dienstleistungen für Unternehmen und Privatpersonen a. n. g.
kingsgym.de,Fitnesszentren
schermuly-reisen.de,Personenbeförderung im Omnibus-Linienfernverkehr
autohaus-franken.de,"Handel mit Kraftwagen mit einem Gesamtgewicht von 3,5 t oder weniger"
seeigel.com,"Gas-, Wasser-, Heizungs- sowie Lüftungs- und Klimainstallation"
kammer-varel.de,"Gas-, Wasser-, Heizungs- sowie Lüftungs- und Klimainstallation"
mdv.de,Personenbeförderung im Nahverkehr zu Lande (ohne Taxis)
ramsay.de,Tätigkeit von Versicherungsmaklerinnen und -maklern
wet-wertstoff.de,Herstellung von sonstigen Kunststoffwaren
lumixdasbuch.de,Fotografie
mea-living.de,Großhandel mit Spielwaren und Musikinstrumenten
stadter-kamin.de,"Gas-, Wasser-, Heizungs- sowie Lüftungs- und Klimainstallation"
venjakob.de,Herstellung von sonstigen nicht wirtschaftszweigspezifischen Maschinen a. n. g.
texandmore.de,Einzelhandel mit Bekleidung
mj-dachundfassade.de,Dachdeckerei und Bauspenglerei
bob-ag.de,Ingenieurbüros für bautechnische Gesamtplanung
rsb-schulung.de,Erbringung von Beratungsleistungen auf dem Gebiet der Informationstechnologie
lehnen.de,Sonstige Verwaltung und Führung von Unternehmen und Betrieben
wollmaerkte.de,Einzelhandel mit Textilien
dvma-gmbh.eu,Herstellung von land- und forstwirtschaftlichen Maschinen
rothchild.de,"Sonstige freiberufliche, wissenschaftliche und technische Tätigkeiten a. n. g."
glas-kastert.de,Glasergewerbe
joha.eu,"Einzelhandel mit Anstrichmitteln, Bau- und Heimwerkerbedarf"
esb-nord.de,"Dämmung gegen Kälte, Wärme, Schall und Erschütterung"
osterhof.com,"Gas-, Wasser-, Heizungs- sowie Lüftungs- und Klimainstallation"
schmidt-holzbau.org,Sonstiger Ausbau a. n. g.
artform.de,Mechanik a. n. g.
richter-elektrotechnik.de,Großhandel mit elektronischen Bauteilen und Telekommunikationsgeräten
regiowerk-gmbh.de,Architekturbüros für Hochbau
meyer-grave.de,Bautischlerei und -schlosserei
physiotherapie-thera-human.de,"Massagepraxen, Krankengymnastikpraxen, Praxen von medizinischen Bademeisterinnen und Bademeistern, Hebammen und Entbindungspflegern sowie von verwandten Berufen"
kiesel.net,Garten- und Landschaftsbau
giata.com,Sonstige Softwareentwicklung
stylezandwood.de,Bautischlerei und -schlosserei
selesgmbh.de,Herstellung von technischen Textilien
becker-warburg.com,Sonstige Verwaltung und Führung von Unternehmen und Betrieben
wob24.net,Sonstige Verwaltung und Führung von Unternehmen und Betrieben
realfina.de,"Vermittlung von Wohngrundstücken, Wohngebäuden und Wohnungen für Dritte"
solingen-live.de,Erbringung von anderen wirtschaftlichen Dienstleistungen für Unternehmen und Privatpersonen a. n. g.
sk-kaelte.de,"Gas-, Wasser-, Heizungs- sowie Lüftungs- und Klimainstallation"
spedition-bormann.de,"Vermietung von Kraftwagen mit einem Gesamtgewicht von mehr als 3,5 t"
hase-catering.de,Restaurants mit herkömmlicher Bedienung
variotec.de,Sonstige Verwaltung und Führung von Unternehmen und Betrieben
wolz-gmbh.de,"Herstellung von sonstigen Konstruktionsteilen, Fertigbauteilen, Ausbauelementen und Fertigteilbauten aus Holz"
projx.de,Unternehmensberatung
berger-u-partner.de,Werbeagenturen
vsu-vereinigte-sicherheitsunternehmen.de,Private Wach- und Sicherheitsdienste
justfit-clubs.de,Fitnesszentren
taunus-hausbau.de,Baugewerbe a. n. g.
ebitoptimizer.info,Sonstige Softwareentwicklung
friedrich-gala.de,Garten- und Landschaftsbau
scooter-classicparts.com,"Handel mit Krafträdern, Kraftradteilen und -zubehör Instandhaltung und Reparatur von Krafträdern"
prochem-net.de,"Technische, physikalische und chemische Untersuchung"
heinrichs-gmbh.de,"Vermittlung von Wohngrundstücken, Wohngebäuden und Wohnungen für Dritte"
holzlieferant.de,"Herstellung von sonstigen Konstruktionsteilen, Fertigbauteilen, Ausbauelementen und Fertigteilbauten aus Holz"
bueschel.de,Mechanik a. n. g.
holzbauhaefele.de,Zimmerei und Ingenieurholzbau
richterissimo.de,"Gas-, Wasser-, Heizungs- sowie Lüftungs- und Klimainstallation"
euresa.de,Werbeagenturen
volmbau.de,Bau von Gebäuden (ohne Fertigteilbau)
loibl-bau.de,Baugewerbe a. n. g.
haustechnik.hamburg,Elektroinstallation
voss-buerotechnik.de,"Einzelhandel mit Datenverarbeitungsgeräten, peripheren Geräten und Software"
ategris.de,"Krankenhäuser (ohne Hochschulkliniken, Vorsorge- und Rehabilitationskliniken)"
plaindesigns.com,Werbeagenturen
galenpharma.de,Forschung und Entwicklung im Bereich Biotechnologie
greenfeeclub.de,Sportvereine
krone-kirchzarten.de,Hotels (ohne Hotels garnis)
sellwerk-frankfurt.de,Werbeagenturen
kunst-und-natur.de,Museen
hunger-dichtungen.de,Herstellung von Armaturen a. n. g.
avm-rhoen.de,Spedition
hundt-consult.de,Herstellung von Hebezeugen und Fördermitteln
click-solutions.de,Erbringung von sonstigen Dienstleistungen der Informationstechnologie
mail-marketing-service.de,Werbeagenturen
ergolabs.de,Erbringung von Beratungsleistungen auf dem Gebiet der Informationstechnologie
cologne-sportspark.de,Sportvereine
elektroanlagen24.de,Elektroinstallation
statpro.com,"Handel mit Krafträdern, Kraftradteilen und -zubehör Instandhaltung und Reparatur von Krafträdern"
ksd-koethen.de,Betrieb der Sammelkanalisation
esser-feingebaeck.de,Sonstige Verwaltung und Führung von Unternehmen und Betrieben
mediterran-wine-food.de,Sonstiger Einzelhandel mit Nahrungs- und Genussmitteln
berning-modellbau.de,Mechanik a. n. g.
loeh-gmbh.de,"Gas-, Wasser-, Heizungs- sowie Lüftungs- und Klimainstallation"
studioline.de,Drucken a. n. g.
mwb.info,Erschließung von unbebauten Grundstücken
brunold.de,"Handel mit Kraftwagen mit einem Gesamtgewicht von 3,5 t oder weniger"
biegeform.de,"Herstellung von Press-, Zieh- und Stanzteilen"
baumgroup.de,Unternehmensberatung
brezel-company-berlin.de,Einzelhandel mit Back- und Süßwaren
grote-ing.de,Erbringung von anderen wirtschaftlichen Dienstleistungen für Unternehmen und Privatpersonen a. n. g.
emchundberger.de,Ingenieurbüros für technische Fachplanung und Ingenieurdesign
cma-soft.de,Sonstige Softwareentwicklung
thiesmedicenter.de,Einzelhandel mit medizinischen und orthopädischen Artikeln
dzillum-gmbh.de,"Gas-, Wasser-, Heizungs- sowie Lüftungs- und Klimainstallation"
lavita-ristorante.de,Restaurants mit herkömmlicher Bedienung
krankenhaus-lahnstein.de,"Krankenhäuser (ohne Hochschulkliniken, Vorsorge- und Rehabilitationskliniken)"
scheifele.de,Großhandel mit landwirtschaftlichen Maschinen und Geräten
go1a.de,"Instandhaltung und Reparatur von Kraftwagen mit einem Gesamtgewicht von 3,5 t oder weniger (ohne Lackierung und Autowäsche)"
monaco-automaten.de,Erbringung von Dienstleistungen der Unterhaltung und der Erholung a. n. g.
oco-weber.de,"Handel mit Kraftwagen mit einem Gesamtgewicht von mehr als 3,5 t"
uesa.de,Elektrizitätserzeugung mit Fremdbezug zur Verteilung
usracing.one,Unternehmensberatung
it-lotsen.de,Erbringung von sonstigen Dienstleistungen der Informationstechnologie
oekotop-massivhaus.de,Bau von Gebäuden (ohne Fertigteilbau)
hmw-holding.de,"Kauf und Verkauf von eigenen Wohngrundstücken, Wohngebäuden und Wohnungen"
tsnutzfahrzeuge.de,"Instandhaltung und Reparatur von Kraftwagen mit einem Gesamtgewicht von 3,5 t oder weniger (ohne Lackierung und Autowäsche)"
blue-cap.de,Managementtätigkeiten von Holdinggesellschaften
wandlungswelten.de,"Massagepraxen, Krankengymnastikpraxen, Praxen von medizinischen Bademeisterinnen und Bademeistern, Hebammen und Entbindungspflegern sowie von verwandten Berufen"
msh-nrw.de,Großhandel mit Werkzeugmaschinen
ih-management.com,Sonstige Softwareentwicklung
kluitmann-industrietechnik.de,Großhandel mit sonstigen Maschinen
tiefbau-junggeburth.de,Garten- und Landschaftsbau
markon-haus.de,Bauträger für Wohngebäude
kantine-koenig.de,Tagesbetreuung von Kindern
airealdevelopment.de,Sonstige Verwaltung und Führung von Unternehmen und Betrieben
gravis.de,Erbringung von Beratungsleistungen auf dem Gebiet der Informationstechnologie
atlanticlabs.de,Managementtätigkeiten von Holdinggesellschaften
fennerlabor.de,Sonstige selbstständige Tätigkeiten im Gesundheitswesen
rely-cc.de,Unternehmensberatung
reichle-bau.de,Garten- und Landschaftsbau
terracur.de,Garten- und Landschaftsbau
gross-stabil.de,Herstellung von sonstigen Möbeln a. n. g.
hmd-software.com,"Praxen von Steuerbevollmächtigten, Steuerberaterinnen und -beratern, Steuerberatungsgesellschaften"
rheinvet.de,Großhandel mit pharmazeutischen Erzeugnissen
sanotact-group.de,Herstellung von pharmazeutischen Spezialitäten und sonstigen pharmazeutischen Erzeugnissen
smart-lamps.de,"Großhandel mit Möbeln, Teppichen, Lampen und Leuchten"
der-seehof.de,Hotels (ohne Hotels garnis)
sohst-grabow.de,Herstellung von Ausbauelementen aus Metall
livonline.de,Allgemeine öffentliche Verwaltung
hausmeister-luebeck.de,Hausmeisterdienste
coloris-gmbh.de,Maler- und Lackierergewerbe
bernhard-gebaeudereinigung.de,Allgemeine Gebäudereinigung
grundstuecksverwaltung-geschwister-miele.de,"Verwaltung von Wohngrundstücken, Wohngebäuden und Wohnungen für Dritte"
clevergas.info,Großhandel mit Mineralölerzeugnissen
farben-huessen.de,Herstellung von sonstigen chemischen Erzeugnissen a. n. g.
waldrichsiegen.de,Managementtätigkeiten von Holdinggesellschaften
ador-edelmetalle.de,"Großhandel mit medizinischen und orthopädischen Artikeln, Dental- und Laborbedarf"
decom.de,Sonstige Verwaltung und Führung von Unternehmen und Betrieben
teladi.de,Ingenieurbüros für technische Fachplanung und Ingenieurdesign
reichelt-e.de,Elektroinstallation
emmet-software-labs.com,Sonstige Softwareentwicklung
teedeli.de,Restaurants mit herkömmlicher Bedienung
wolkner.de,"Einzelhandel mit Datenverarbeitungsgeräten, peripheren Geräten und Software"
ods-net.de,"Messe-, Ausstellungs- und Kongressveranstalter"
house-of-flames.com,"Handel mit Krafträdern, Kraftradteilen und -zubehör Instandhaltung und Reparatur von Krafträdern"
dynamic-systems.de,"Herstellung von sonstigen Waren aus Papier, Karton und Pappe"
retaildevelopmentgroup.de,Unternehmensberatung
luisen-muehle.de,Hotels (ohne Hotels garnis)
autohaus-mai.de,"Handel mit Kraftwagen mit einem Gesamtgewicht von 3,5 t oder weniger"
alpha-photonics.com,Großhandel mit Foto- und optischen Erzeugnissen
leutz-elektronik.de,Herstellung von sonstigen elektronischen Bauelementen
linie-m.de,Herstellung von Metallkonstruktionen
tc-graffe.de,"Handel mit Kraftwagen mit einem Gesamtgewicht von 3,5 t oder weniger"
entsorgung-mg.de,Rückgewinnung sortierter Werkstoffe
hm-pcc.de,Ingenieurbüros für technische Fachplanung und Ingenieurdesign
elitagmbh.de,Elektroinstallation
wohnbaugeiger.de,Bau von Gebäuden (ohne Fertigteilbau)
michaeliskarree.de,Sonstige selbstständige Tätigkeiten im Gesundheitswesen
bonzek.de,Werbeagenturen
bes-systemhaus.de,Erbringung von Beratungsleistungen auf dem Gebiet der Informationstechnologie
hotel-schwaferts.de,Hotels (ohne Hotels garnis)
gebrauchtwaren-dresden.de,Umzugstransporte
aon.com,Tätigkeit von Versicherungsmaklerinnen und -maklern
kellerskopf.de,Restaurants mit herkömmlicher Bedienung
benefice-cafe.de,Großhandel mit sonstigen Maschinen
earth3000.org,Erbringung von anderen wirtschaftlichen Dienstleistungen für Unternehmen und Privatpersonen a. n. g.
dks-koeln.de,Personenbeförderung im Nahverkehr zu Lande (ohne Taxis)
schmieg.org,Einzelhandel mit medizinischen und orthopädischen Artikeln
te-tronik.info,Großhandel mit sonstigen Maschinen
eew-protec.de,Ingenieurbüros für technische Fachplanung und Ingenieurdesign
siegleundepple.de,"Gas-, Wasser-, Heizungs- sowie Lüftungs- und Klimainstallation"
glas-ist-mehr.de,Veredlung und Bearbeitung von Flachglas
minova-bau.de,"Gas-, Wasser-, Heizungs- sowie Lüftungs- und Klimainstallation"
sportsclub-bovenden.de,Fitnesszentren
topclean-gmbh.de,Allgemeine Gebäudereinigung
exxonmobil.de,Erbringung von sonstigen Dienstleistungen a. n. g.
lcngmbh.de,Erbringung von sonstigen Dienstleistungen a. n. g.
breun-schmitt.de,"Praxen von Steuerbevollmächtigten, Steuerberaterinnen und -beratern, Steuerberatungsgesellschaften"
vmt-vision-technology.com,Erbringung von Beratungsleistungen auf dem Gebiet der Informationstechnologie
heck-becker.com,Herstellung von sonstigen Werkzeugen
omniscale.de,Erbringung von Beratungsleistungen auf dem Gebiet der Informationstechnologie
kron-solingen.de,Sonstige Verwaltung und Führung von Unternehmen und Betrieben
tegeler-gruppe.de,Allgemeine Gebäudereinigung
malermeister-kassel.com,"Fußboden-, Fliesen- und Plattenlegerei, Tapeziererei"
sowero-direkt.de,Herstellung von konfektionierten Textilwaren (ohne Bekleidung)
konzept-massivbau.de,Bau von Gebäuden (ohne Fertigteilbau)
wildeshauser-hof.de,Hotels (ohne Hotels garnis)
pfistererfuchs.de,Einzelhandel mit Wohnmöbeln
mk-klassik.de,Erzeugung und erste Bearbeitung von sonstigen NE-Metallen
bestattungsinstitut-hecht.de,Bestattungsinstitute
stadtart.de,Allgemeine öffentliche Verwaltung
auto-knauer-gmbh.de,"Handel mit Kraftwagen mit einem Gesamtgewicht von 3,5 t oder weniger"
sps-energie.de,Ingenieurbüros für technische Fachplanung und Ingenieurdesign
kfv-bickelmann.de,Installation von Maschinen und Ausrüstungen a. n. g.
jungmut.com,Werbeagenturen
ford-siebert-gross-umstadt.de,"Handel mit Kraftwagen mit einem Gesamtgewicht von 3,5 t oder weniger"
tila-lachenmaier.de,"Gas-, Wasser-, Heizungs- sowie Lüftungs- und Klimainstallation"
breco.de,"Herstellung von Lagern, Getrieben, Zahnrädern und Antriebselementen"
gelford.de,Allgemeine Gebäudereinigung
blueskyenergy.de,Elektroinstallation
muenchner-engel.com,Allgemeine Gebäudereinigung
pevs.de,Elektroinstallation
jag-peters.com,Einzelhandel mit Kraftwagenteilen und -zubehör
meier-reisen.de,Personenbeförderung im Omnibus-Linienfernverkehr
immogate.de,"Sonstige freiberufliche, wissenschaftliche und technische Tätigkeiten a. n. g."
schmidt-vogt.de,"Praxen von Steuerbevollmächtigten, Steuerberaterinnen und -beratern, Steuerberatungsgesellschaften"
mainterra.de,Bauträger für Wohngebäude
linnebacher-strassenbau.de,Vorbereitende Baustellenarbeiten
knecht.de,"Herstellung von Erzeugnissen aus Beton, Zement und Kalksandstein für den Bau"
schaedler-gmbh.de,Desinfektion und Schädlingsbekämpfung
machineering.com,Erbringung von Beratungsleistungen auf dem Gebiet der Informationstechnologie
betriebs-partner.de,Unternehmensberatung
kahlert-umzuege.de,Spedition
aunovis.de,Sonstige Softwareentwicklung
comdi.de,Buchführung (ohne Datenverarbeitungsdienste)
quantum-acompa.de,Sonstige Softwareentwicklung
bau-schwaiger.de,Bau von Gebäuden (ohne Fertigteilbau)
harzer-uhren.de,Sonstige Verwaltung und Führung von Unternehmen und Betrieben
tower-electronic.de,Herstellung von sonstigen elektronischen Bauelementen
ws-equestrian.de,Haltung von Pferden und Eseln
argon-lighting.de,Herstellung von elektrischen Lampen und Leuchten
hochbau-service.de,Baugewerbe a. n. g.
pflegedienst-rotkaeppchen.de,Ambulante soziale Dienste
polley-transporte.de,Güterbeförderung im Straßenverkehr
dsg1.de,Werbeagenturen
thuem.de,Einzelhandel mit Uhren und Schmuck
autohaus-weeber.de,"Handel mit Kraftwagen mit einem Gesamtgewicht von 3,5 t oder weniger"
hofgut-hagenbach.de,Imbissstuben u.Ä.
holzbau-jens-nickel.de,Zimmerei und Ingenieurholzbau
ms-energie.de,Unternehmensberatung
bodensee.it,"Einzelhandel mit Datenverarbeitungsgeräten, peripheren Geräten und Software"
f-i-w.eu,"Gas-, Wasser-, Heizungs- sowie Lüftungs- und Klimainstallation"
fellow-consulting.de,Erbringung von sonstigen Dienstleistungen der Informationstechnologie
euro-fashion-center.de,"Vermittlung von Wohngrundstücken, Wohngebäuden und Wohnungen für Dritte"
prophylaxe-zahnarzt-vellmar.de,Zahnarztpraxen
nexus-ca.de,Unternehmensberatung
baustoffe-puellen.de,Großhandel mit Baustoffen und Bauelementen aus mineralischen Stoffen
mpu-metall.de,Herstellung von sonstigen Werkzeugen
zickenheiner.de,Personenbeförderung im Landverkehr a. n. g.
baywa.de,Großhandel mit landwirtschaftlichen Maschinen und Geräten
popp-pelzveredelung.de,Herstellung von Pelzwaren
unid.de,Public-Relations-Beratung
bruehl-stiftung.de,Sonstiges Sozialwesen a. n. g.
netup.de,Werbeagenturen
petroservices.de,"Herstellung von elektrischen Mess-, Kontroll-, Navigations- u. ä. Instrumenten und Vorrichtungen"
weber-greissinger.de,"Sonstige freiberufliche, wissenschaftliche und technische Tätigkeiten a. n. g."
automatenkaffee.de,"Verarbeitung von Kaffee und Tee, Herstellung von Kaffee-Ersatz"
keppler-holz.de,Großhandel mit Roh- und Schnittholz
brauerei-haeffner.de,Herstellung von Bier
bestattungsfuhrwesen.de,Erbringung von Beratungsleistungen auf dem Gebiet der Informationstechnologie
grote-service.com,Einzelhandel mit Geräten der Unterhaltungselektronik
wohnbau-weinmann.de,Bauträger für Wohngebäude
pickitup-project.com,Fotografie
freibott-bausanierung.de,Baugewerbe a. n. g.
mg-transporte.com,Güterbeförderung im Straßenverkehr
dde.de,Zimmerei und Ingenieurholzbau
cux-gs-projekt.de,Ingenieurbüros für technische Fachplanung und Ingenieurdesign
meese.de,Sonstige Verwaltung und Führung von Unternehmen und Betrieben
geniesserhotel-altes-gymnasium.de,Hotels (ohne Hotels garnis)
lattermann-ek.de,Abbrucharbeiten
sw-medientechnik.de,Erbringung von Dienstleistungen für die darstellende Kunst
lebenshilfe-aalen.de,Altenheime Alten- und Behindertenwohnheime
teamkonfigurator.de,Sportvereine
krankenhaus-kiel.de,"Krankenhäuser (ohne Hochschulkliniken, Vorsorge- und Rehabilitationskliniken)"
ba-ruhr.de,Berufsbildende weiterführende Schulen
motrixx.de,Erbringung von sonstigen Dienstleistungen des Sports
peikko.de,Herstellung von Schrauben und Nieten
bavarianstrongbikes.de,Großhandel mit Kraftwagenteilen und -zubehör
mezger.de,Einzelhandel mit Kraftwagenteilen und -zubehör
leitungsbau-nord.de,Elektroinstallation
eifeljournal.de,Drucken a. n. g.
der-lokalanzeiger.de,Verlegen von Zeitungen
la-coupe.de,Frisörsalons
egid-muench.com,Großhandel mit Werkzeugmaschinen
boerke-bau.de,Baugewerbe a. n. g.
is-rodersdorf.de,Installation von Maschinen und Ausrüstungen a. n. g.
meduba-websolutions.de,Erbringung von sonstigen Dienstleistungen der Informationstechnologie
berger-bedachungen.de,Dachdeckerei und Bauspenglerei
helbig-lang.de,Oberflächenveredlung und Wärmebehandlung
prohomine.de,Herstellung von sonstigen Nahrungsmitteln a. n. g.
back-holzbau.de,Bau von Gebäuden (ohne Fertigteilbau)
primusline.com,Herstellung von Hebezeugen und Fördermitteln
ntcgmbh.com,Oberflächenveredlung und Wärmebehandlung
hoergeraete-kersten.de,Einzelhandel mit medizinischen und orthopädischen Artikeln
bh-recycling.de,Sammlung nicht gefährlicher Abfälle
andijamo-fashion.com,Großhandel mit Bekleidung
project-partners.de,Unternehmensberatung
cuba-broadcast.com,Sonstige Softwareentwicklung
blechbearbeitung-online.de,Installation von Maschinen und Ausrüstungen a. n. g.
lift-manager.de,Vermietung von Baumaschinen und -geräten
werkzeugbau-weihrauch.de,Mechanik a. n. g.
nivus.de,"Herstellung von elektrischen Mess-, Kontroll-, Navigations- u. ä. Instrumenten und Vorrichtungen"
transporte-brinkmann-gmbh.de,Güterbeförderung im Straßenverkehr
mss-vip.de,Sonstige Softwareentwicklung
plaza-bielefeld.de,Sonstige Verwaltung und Führung von Unternehmen und Betrieben
wohnbau-oberriexingen.de,Sonstige Verwaltung und Führung von Unternehmen und Betrieben
bedachungen-possemeyer.de,Dachdeckerei und Bauspenglerei
energiepartner.de,Elektrizitätsverteilung
andrews-international.de,Vermittlung von Arbeitskräften
immobiliaris.de,"Vermittlung von Wohngrundstücken, Wohngebäuden und Wohnungen für Dritte"
dinotec.de,"Großhandel mit Installationsbedarf für Gas, Wasser und Heizung"
poly-licht.de,Herstellung von elektrischen Lampen und Leuchten
baustoffhandel-karsdorf.de,"Großhandel mit Holz, Baustoffen, Anstrichmitteln und Sanitärkeramik, ohne ausgeprägten Schwerpunkt"
enamel-dentallabor.de,Zahntechnische Laboratorien
confair.eu,Beteiligungsgesellschaften
neugebauerit.de,Reparatur von Datenverarbeitungsgeräten und peripheren Geräten
noor.eu,Abfüllen und Verpacken
radioerft.de,Hörfunkveranstalter
telle.de,Herstellung von sonstigen Gummiwaren
scriba-ag.de,Erbringung von Beratungsleistungen auf dem Gebiet der Informationstechnologie
stadtbau-dachau.de,"Vermietung, Verpachtung von eigenen oder geleasten Wohngrundstücken, Wohngebäuden und Wohnungen"
trafo-schneider.de,Ingenieurbüros für technische Fachplanung und Ingenieurdesign
sera-web.com,Großhandel mit sonstigen Ausrüstungen und Zubehör für Maschinen sowie mit technischem Bedarf
canyon-chorweiler.de,Betrieb von Sportanlagen
spiro.de,Unternehmensberatung
helmich.de,Erbringung von Beratungsleistungen auf dem Gebiet der Informationstechnologie
crowdcode.io,Managementtätigkeiten von Holdinggesellschaften
licht.de,"Großhandel mit Möbeln, Teppichen, Lampen und Leuchten"
bgg-gotha.de,"Vermietung, Verpachtung von eigenen oder geleasten Wohngrundstücken, Wohngebäuden und Wohnungen"
wernst-werte.de,"Vermietung, Verpachtung von eigenen oder geleasten Wohngrundstücken, Wohngebäuden und Wohnungen"
fb-lifestyle-group.de,Frisörsalons
deuro-rolladenbau.de,Bautischlerei und -schlosserei
vib-makler.de,Tätigkeit von Versicherungsmaklerinnen und -maklern
hydrauflex.de,"Großhandel mit Eisenerzen, Eisen, Stahl, Eisen- und Stahlhalbzeug"
ltp-oldenburg.de,Ingenieurbüros für technische Fachplanung und Ingenieurdesign
domus-finanz-versicherungen.de,Tätigkeit von Versicherungsmaklerinnen und -maklern
doric.com,Managementtätigkeiten von Holdinggesellschaften
silcos.com,Sonstige Verwaltung und Führung von Unternehmen und Betrieben
bauhaus.info,Sonstige Verwaltung und Führung von Unternehmen und Betrieben
h-ortmeier.de,Herstellung von sonstigen nicht wirtschaftszweigspezifischen Maschinen a. n. g.
weltachs.de,Großhandel mit Getränken
tpd.de,Werbeagenturen
hansabaustahl.de,Herstellung von Ausbauelementen aus Metall
pflegedienst-mertins.de,Ambulante soziale Dienste
stoeckigt-dachtechnik.de,Dachdeckerei und Bauspenglerei
griesotec.de,Erbringung von anderen wirtschaftlichen Dienstleistungen für Unternehmen und Privatpersonen a. n. g.
autohaus-koenig.de,"Handel mit Kraftwagen mit einem Gesamtgewicht von 3,5 t oder weniger"
geruest-weber.de,Gerüstbau
adestis.com,Erbringung von Beratungsleistungen auf dem Gebiet der Informationstechnologie
holzbau-flack.de,Sonstige Verwaltung und Führung von Unternehmen und Betrieben
elise.de,Sonstige Softwareentwicklung
kotowski-gmbh.de,Einzelhandel in eigenem Namen mit Motorenkraftstoffen (Freie Tankstellen)
soliq.de,Erbringung von Beratungsleistungen auf dem Gebiet der Informationstechnologie
ontorix.de,Sonstige Softwareentwicklung
stroppel-reutlingen.de,Einzelhandel mit Kraftwagenteilen und -zubehör
moebel-banuat.de,Managementtätigkeiten von Holdinggesellschaften
buechter-schieferton.de,"Gewinnung von Kies, Sand, Ton und Kaolin"
silwa.de,Einzelhandel mit bespielten Ton- und Bildträgern
drescher-zelte.de,Vermietung von sonstigen Gebrauchsgütern
magenwirth.com,Managementtätigkeiten von Holdinggesellschaften
jovema.net,"Vermittlung von Wohngrundstücken, Wohngebäuden und Wohnungen für Dritte"
txtgroup.com,Herstellung von sonstigen elektronischen Bauelementen
bluemler-saw.de,Bau von Straßen
faun.com,Spedition
cineplex.de,Kinos
eckpfeiler.de,"Vermittlung von Wohngrundstücken, Wohngebäuden und Wohnungen für Dritte"
asimeto.de,"Herstellung von nicht elektrischen Mess-, Kontroll-, Navigations- u. ä. Instrumenten und Vorrichtungen"
atarafilm.de,"Herstellung von Filmen, Videofilmen und Fernsehprogrammen"
trafo2.de,Sonstige Softwareentwicklung
zeimke-balingen.de,Verwaltung von Gewerbegrundstücken und Nichtwohngebäuden für Dritte
vigor-feingeraetebau.de,Mechanik a. n. g.
rosendahl-holz.de,Allgemeine öffentliche Verwaltung
modul-projekt.de,Architekturbüros für Hochbau
jakobsberg.de,Hotels (ohne Hotels garnis)
pro-medisoft.de,Erbringung von Beratungsleistungen auf dem Gebiet der Informationstechnologie
asphalt-ulm.de,Sonstige Verwaltung und Führung von Unternehmen und Betrieben
willisautohof.de,"Handel mit Kraftwagen mit einem Gesamtgewicht von 3,5 t oder weniger"
sgkultur.de,Erbringung von Dienstleistungen der Unterhaltung und der Erholung a. n. g.
hegensdorf.de,Architekturbüros für Hochbau
greengas-rathenow.de,Allgemeine öffentliche Verwaltung
pgc-group.de,Unternehmensberatung
rostow-massivhaus.de,Ingenieurbüros für technische Fachplanung und Ingenieurdesign
autofranke.de,"Handel mit Kraftwagen mit einem Gesamtgewicht von 3,5 t oder weniger"
voeltl-landtechnik.de,Großhandel mit landwirtschaftlichen Maschinen und Geräten
mewigmbh.de,Dachdeckerei und Bauspenglerei
igmitzenheim.de,Sonstige Ingenieurbüros
dachdecker-ehrenberg.de,Dachdeckerei und Bauspenglerei
triple-z.de,Ingenieurbüros für technische Fachplanung und Ingenieurdesign
eder-bau.de,"Sonstige freiberufliche, wissenschaftliche und technische Tätigkeiten a. n. g."
putzteufel.net,Spedition
project-green.com,Großhandel mit sonstigen Ausrüstungen und Zubehör für Maschinen sowie mit technischem Bedarf
exxbags.de,Sonstige Softwareentwicklung
artemed-akademie.de,"Krankenhäuser (ohne Hochschulkliniken, Vorsorge- und Rehabilitationskliniken)"
robotron-online.de,Berufliche Erwachsenenbildung
sanitaetshaus-provital.de,Einzelhandel mit medizinischen und orthopädischen Artikeln
meesenburg.com,Sonstige mit Finanzdienstleistungen verbundene Tätigkeiten
montes.de,"Technische, physikalische und chemische Untersuchung"
thomas-steinkuehler.de,"Gas-, Wasser-, Heizungs- sowie Lüftungs- und Klimainstallation"
orlen-deutschland.de,Einzelhandel in fremdem Namen mit Motorenkraftstoffen (Agenturtankstellen)
logos-ib.de,Ingenieurbüros für bautechnische Gesamtplanung
gartenbau-leufgen.com,Garten- und Landschaftsbau
carls-aue.de,Herstellung von Baubedarfsartikeln aus Kunststoffen
ibb-mattis.de,Sonstiges Sozialwesen a. n. g.
cib.de,Sonstige Softwareentwicklung
ruf-baustoffe.de,Sonstige Verwaltung und Führung von Unternehmen und Betrieben
harri-huebner.de,"Einzelhandel mit Blumen, Pflanzen, Sämereien und Düngemitteln"
reulbach-metallbau.de,Bautischlerei und -schlosserei
sportprager.de,Einzelhandel mit Sport- und Campingartikeln (ohne Campingmöbel)
bshfilms.com,Tonstudios und Herstellung von Hörfunkbeiträgen
frauenrath.de,Verwaltung von Gewerbegrundstücken und Nichtwohngebäuden für Dritte
metzger-spedition.de,Spedition
plansysteme.com,Erbringung von Beratungsleistungen auf dem Gebiet der Informationstechnologie
kirsch-cosmetics.de,Kosmetiksalons
burg-services.de,"Großhandel mit Lederwaren, Reisegepäck, Geschenk- und Werbeartikeln"
schokinag.com,Herstellung von Süßwaren (ohne Dauerbackwaren)
dfs-online.de,Unternehmensberatung
rwt-gruppe.de,Rechtsberatung
dihse.de,Herstellung von sonstigen Kunststoffwaren
bau-flechsig.de,Bau von Gebäuden (ohne Fertigteilbau)
amazon.de,Großhandel mit Uhren und Schmuck
awo-bonn-rhein-sieg.de,Sonstiges Sozialwesen a. n. g.
metacarp.de,Sonstige Softwareentwicklung
krannich-solar.com,Großhandel mit sonstigen Ausrüstungen und Zubehör für Maschinen sowie mit technischem Bedarf
pollems-gmbh.eu,Sonstiger Tiefbau a. n. g.
knoll-mb.de,Sonstige Verwaltung und Führung von Unternehmen und Betrieben
sanita.de,"Vermietung von sonstigen Maschinen, Geräten und beweglichen Sachen a. n. g."
airemotion.de,Erbringung von anderen wirtschaftlichen Dienstleistungen für Unternehmen und Privatpersonen a. n. g.
deutscherlebensring.de,Personenbeförderung im Nahverkehr zu Lande (ohne Taxis)
techkon-metalltechnik.de,Herstellung von Metallwaren a. n. g.
ringtreuhand.de,"Praxen von Steuerbevollmächtigten, Steuerberaterinnen und -beratern, Steuerberatungsgesellschaften"
atro-trost.de,Großhandel mit sonstigen Ausrüstungen und Zubehör für Maschinen sowie mit technischem Bedarf
11er-online.de,Erbringung von anderen wirtschaftlichen Dienstleistungen für Unternehmen und Privatpersonen a. n. g.
secondhand-courage.de,Einzelhandel mit Bekleidung
schalkbau.de,Bau von Gebäuden (ohne Fertigteilbau)
weinreich-heinrich.de,Werbeagenturen
compagon.com,Unternehmensberatung
klingenfuss-druck.de,Drucken a. n. g.
urologie-bamberg.de,Sonstige selbstständige Tätigkeiten im Gesundheitswesen
sporleder-ship.de,Schiffsmaklerbüros und -agenturen
treff.de,Erbringung von Dienstleistungen der Unterhaltung und der Erholung a. n. g.
tintenfuzzy.de,"Großhandel mit Datenverarbeitungsgeräten, peripheren Geräten und Software"
rambazamba-mainz.de,Vergnügungs- und Themenparks
servicesevb.de,Allgemeine Gebäudereinigung
disch-bau.de,Baugewerbe a. n. g.
buergel-gmbh.de,"Einzelhandel mit Datenverarbeitungsgeräten, peripheren Geräten und Software"
lemmer-gmbh.de,Dachdeckerei und Bauspenglerei
styrocrete.de,Großhandel mit Baustoffen und Bauelementen aus mineralischen Stoffen
weitbrecht-rohrleitungsbau.de,"Rohrleitungstiefbau, Brunnenbau und Kläranlagenbau"
jugz.eu,Sonstiges Sozialwesen a. n. g.
pro-wohngenossenschaft.de,Interessenvertretungen und Vereinigungen a. n. g.
tigerbytes.de,Entwicklung und Programmierung von Internetpräsentationen
broeggelhoff.de,Ingenieurbüros für technische Fachplanung und Ingenieurdesign
nicelocal.com.de,Baugewerbe a. n. g.
premiumreisebuero.de,Reiseveranstalter
optikmarkt.de,Großhandel mit Foto- und optischen Erzeugnissen
kavungruppe.com,"Vermittlung von Wohngrundstücken, Wohngebäuden und Wohnungen für Dritte"
emr-automation.de,Ingenieurbüros für technische Fachplanung und Ingenieurdesign
mevalon.de,Erbringung von Beratungsleistungen auf dem Gebiet der Informationstechnologie
jost-pilger.de,"Praxen von Steuerbevollmächtigten, Steuerberaterinnen und -beratern, Steuerberatungsgesellschaften"
ep-partners.com,"Vermittlung von Wohngrundstücken, Wohngebäuden und Wohnungen für Dritte"
belijha.de,Sonstiges Sozialwesen a. n. g.
fritzostermann.de,"Großhandel mit Installationsbedarf für Gas, Wasser und Heizung"
offroad-seko.de,Einzelhandel mit Kraftwagenteilen und -zubehör
behrens-gruppe.de,"Herstellung von Verpackungsmitteln, Lagerbehältern und Ladungsträgern aus Holz"
mzs-24.de,Bautischlerei und -schlosserei
it-reisebuero-neuenburg.de,Reisebüros
solwo.de,"Kauf und Verkauf von eigenen Wohngrundstücken, Wohngebäuden und Wohnungen"
sonnenschutz-unger.de,Bautischlerei und -schlosserei
sachsen-incoming.com,Reiseveranstalter
meridian-energy.de,Elektroinstallation
taxifischer.de,Betrieb von Taxis
sempf-schlauchleitungen.de,Großhandel mit sonstigen Ausrüstungen und Zubehör für Maschinen sowie mit technischem Bedarf
ralfgohr.de,Einzelhandel mit Textilien
csu-fanshop.de,Spedition
volksbank-franken.de,Kreditinstitute des Genossenschaftssektors
schotmann-cnc.de,Mechanik a. n. g.
bb-baugmbh.de,"Großhandel mit Eisenerzen, Eisen, Stahl, Eisen- und Stahlhalbzeug"
galabau-uphaus.de,Garten- und Landschaftsbau
examcert.de,Unternehmensberatung
waescherei-textilpflege.de,Wäscherei und chemische Reinigung
hv-immobilien.de,"Vermittlung von Wohngrundstücken, Wohngebäuden und Wohnungen für Dritte"
ekm-energie.de,Elektrizitätshandel
raricon.org,Erbringung von Beratungsleistungen auf dem Gebiet der Informationstechnologie
cutting-crew-der-friseur.de,Frisörsalons
schliefke-dms.de,Spedition
werner-dosiertechnik.de,"Großhandel mit Installationsbedarf für Gas, Wasser und Heizung"
xn--gths-hochbau-4ib.de,Bau von Gebäuden (ohne Fertigteilbau)
ballan-brueschke.de,Mechanik a. n. g.
conatex.de,"Herstellung von elektrischen Mess-, Kontroll-, Navigations- u. ä. Instrumenten und Vorrichtungen"
peters-lange.de,Dachdeckerei und Bauspenglerei
tubal-touristik.de,Reisebüros
essert.com,Herstellung von sonstigen nicht wirtschaftszweigspezifischen Maschinen a. n. g.
josef-knoeferl.de,"Fußboden-, Fliesen- und Plattenlegerei, Tapeziererei"
concordia.de,Tätigkeit von Versicherungsmaklerinnen und -maklern
accenon.de,Sonstige Softwareentwicklung
kondorwessels.com,Bau von Gebäuden (ohne Fertigteilbau)
creditlife.net,Lebensversicherungen
sauerstoffwerk.de,Herstellung von Industriegasen
magtrol.de,Großhandel mit elektrischen Haushaltsgeräten
danpower.de,Ingenieurbüros für technische Fachplanung und Ingenieurdesign
kuk-waermetechnik.de,"Gas-, Wasser-, Heizungs- sowie Lüftungs- und Klimainstallation"
consols.de,Unternehmensberatung
der-hollaender.de,"Einzelhandel mit Blumen, Pflanzen, Sämereien und Düngemitteln"
sriplex.com,Unternehmensberatung
pelteko.de,Mechanik a. n. g.
schuessler-transporte.de,Güterbeförderung im Straßenverkehr
philotech.net,Ingenieurbüros für technische Fachplanung und Ingenieurdesign
wien-computer.de,"Großhandel mit Datenverarbeitungsgeräten, peripheren Geräten und Software"
autohaus-damato.de,"Handel mit Kraftwagen mit einem Gesamtgewicht von 3,5 t oder weniger"
noxygen.de,Forschung und Entwicklung im Bereich Biotechnologie
frankenheimpb.de,Unternehmensberatung
fwu-ib.de,Ingenieurbüros für technische Fachplanung und Ingenieurdesign
monscheuer-nfz.de,"Instandhaltung und Reparatur von Kraftwagen mit einem Gesamtgewicht von 3,5 t oder weniger (ohne Lackierung und Autowäsche)"
hvt-potsdam.de,"Gas-, Wasser-, Heizungs- sowie Lüftungs- und Klimainstallation"
hd-bau.de,Bauträger für Wohngebäude
habich-gmbh.de,Sonstiger Einzelhandel a. n. g. (in Verkaufsräumen)
tab-berse.de,Bautischlerei und -schlosserei
autohaus-pape.com,"Handel mit Kraftwagen mit einem Gesamtgewicht von 3,5 t oder weniger"
gartenplan.de,Garten- und Landschaftsbau
koch-lagertechnik.de,Sonstige Verwaltung und Führung von Unternehmen und Betrieben
ifam.de,Werbeagenturen
hanosan.de,Herstellung von pharmazeutischen Spezialitäten und sonstigen pharmazeutischen Erzeugnissen
auto-reissland.de,"Handel mit Kraftwagen mit einem Gesamtgewicht von 3,5 t oder weniger"
lebensbaum-naumburg.de,Ambulante soziale Dienste
motorrad-kinberger.de,"Handel mit Krafträdern, Kraftradteilen und -zubehör Instandhaltung und Reparatur von Krafträdern"
pvp.de,Drucken a. n. g.
ellipsa.de,"Großhandel mit medizinischen und orthopädischen Artikeln, Dental- und Laborbedarf"
schuetzeichel.de,Mechanik a. n. g.
alschu-kunststoffe.de,Erbringung von anderen wirtschaftlichen Dienstleistungen für Unternehmen und Privatpersonen a. n. g.
notfallmedizin-sachsen.de,Sonstiges Sozialwesen a. n. g.
barmenia.de,Tätigkeit von Versicherungsmaklerinnen und -maklern
salaground.com,Sonstige Verwaltung und Führung von Unternehmen und Betrieben
cncon.de,Reparatur von Maschinen
kampen-rentanevent.com,Sonstige Verwaltung und Führung von Unternehmen und Betrieben
animus-intensivpflege.de,Ambulante soziale Dienste
medhoff.de,Sonstige selbstständige Tätigkeiten im Gesundheitswesen
wedo.de,"Einzelhandel mit Schreib- und Papierwaren, Schul- und Büroartikeln"
kaufring-weil.de,Einzelhandel mit Waren verschiedener Art (ohne Nahrungsmittel)
tr-bau.de,Bau von Gebäuden (ohne Fertigteilbau)
om-online.de,Verlegen von Zeitschriften
bierschwale-dachdeckermeister.de,Dachdeckerei und Bauspenglerei
willm-service-emmendingen.de,Allgemeine Gebäudereinigung
ue-edv.de,Betrieb von Datenverarbeitungseinrichtungen für Dritte
rohrreinigung-murmann.de,Betrieb der Sammelkanalisation
msgtech.de,Erbringung von sonstigen Dienstleistungen der Informationstechnologie
castrolracing.de,Erbringung von sonstigen Dienstleistungen des Sports
seniorenzentrum-frickingen.de,"Vermietung, Verpachtung von eigenen oder geleasten Wohngrundstücken, Wohngebäuden und Wohnungen"
dynapac.com,Herstellung von Hebezeugen und Fördermitteln
rahlmeyer.de,Herstellung von Hebezeugen und Fördermitteln
golf-for-all.de,Einzelhandel mit Sport- und Campingartikeln (ohne Campingmöbel)
rudolf-kempe.de,"Gewinnung von Kies, Sand, Ton und Kaolin"
wg-saaletal-jena.de,"Vermietung, Verpachtung von eigenen oder geleasten Wohngrundstücken, Wohngebäuden und Wohnungen"
oestliches-weserbergland.de,Erbringung sonstiger Reservierungsdienstleistungen
neo-solution.de,Sonstige Softwareentwicklung
breitband-mkk.de,Sonstige Telekommunikation a. n. g.
ibz-waren.de,Baugewerbe a. n. g.
gestuet-ammerland.de,Haltung von Pferden und Eseln
xanonex.de,"Einzelhandel mit Möbeln, Einrichtungsgegenständen und sonstigem Hausrat"
hubertundpit.de,Sonstiger Einzelhandel a. n. g. (in Verkaufsräumen)
elbe-holding.de,Managementtätigkeiten von Holdinggesellschaften
wevg.de,Verwaltung von Gewerbegrundstücken und Nichtwohngebäuden für Dritte
